,Encoder/train_loss,Encoder/val_loss,Encoder/1step_val_acc,Encoder/1step_val_loss,Encoder/test_feature_corr,Encoder/test_feature_std,Encoder/train_loss,Encoder/val_loss,Encoder/1step_val_acc,Encoder/1step_val_loss,Encoder/test_feature_corr,Encoder/test_feature_std,Encoder/train_loss,Encoder/val_loss,Encoder/1step_val_acc,Encoder/1step_val_loss,Encoder/test_feature_corr,Encoder/test_feature_std,Encoder/train_loss,Encoder/val_loss,Encoder/1step_val_acc,Encoder/1step_val_loss,Encoder/test_feature_corr,Encoder/test_feature_std
,mean,mean,mean,mean,mean,mean,min,min,min,min,min,min,max,max,max,max,max,max,std,std,std,std,std,std
step,,,,,,,,,,,,,,,,,,,,,,,,
0,0.007782744709402323,0.007777112846573194,0.43700002630551654,1.9565104246139526,0.03481833388408025,0.01816174325843652,0.00766863813623786,0.007652087137103081,0.40860000252723694,1.873437523841858,0.0184616781771183,0.01735486090183258,0.007874139584600925,0.007855691947042942,0.4652000367641449,2.0546875,0.04584723711013794,0.01880318485200405,0.00010461633351536839,0.00010946093035136485,0.02830054721910544,0.09156413343885447,0.014449253246857051,0.0007381995331315411
1,0.0071661050120989484,0.006577987068643172,0.4587666889031728,1.877343773841858,,,0.007034239824861288,0.006439896300435066,0.4180000424385071,1.786718726158142,,,0.007257502526044846,0.0066480813547968864,0.4869999885559082,2.0171875953674316,,,0.00011700334555550647,0.00011959471306767077,0.03616713601852043,0.12286513212675157,,
2,0.005635545278588931,0.004898653676112493,0.457800030708313,2.055989623069763,,,0.00549657316878438,0.004757942631840706,0.42340001463890076,1.888281226158142,,,0.005734698846936226,0.005056590307503939,0.4946000277996063,2.2359375953674316,,,0.00012395602781493332,0.00015006714891499601,0.03566062815206995,0.1741510642148635,,
3,0.004026984019825856,0.0035696784810473523,0.4173000156879425,2.999479293823242,,,0.003937527537345886,0.0033893203362822533,0.3678000271320343,2.4859375953674316,,,0.004193871282041073,0.0038128080777823925,0.4699999988079071,3.4515626430511475,,,0.00014465363147496174,0.00021861074581784216,0.05117507720116105,0.48573735670206486,,
4,0.0028953124613811574,0.002963366685435176,0.3819666902224223,3.58593757947286,,,0.0026675064582377672,0.002854694612324238,0.33550000190734863,3.028125047683716,,,0.0031373531091958284,0.0031258193776011467,0.43150001764297485,3.9906251430511475,,,0.00023524654659700062,0.00014334024496306559,0.04807342261439849,0.4991863883488416,,
5,0.0022346905122200647,0.00278359348885715,0.3444000283877055,3.985937515894572,,,0.0019579839427024126,0.002592235803604126,0.2964000403881073,3.495312452316284,,,0.002522698137909174,0.0030246502719819546,0.3976000249385834,4.2578125,,,0.0002825266641751675,0.0002204496957642982,0.050799992962147,0.4257232418267225,,
6,0.0018098875880241394,0.002822002861648798,0.349533349275589,4.001562595367432,,,0.0015368968015536666,0.002594608813524246,0.310200035572052,3.6656250953674316,,,0.0021240105852484703,0.00311095779761672,0.3935000002384186,4.3125,,,0.000295710234557805,0.0002636216522355106,0.04184282362572155,0.32416128568528063,,
7,0.001460058381780982,0.002961093404640754,0.3559333384037018,3.9901042779286704,,,0.001248802524060011,0.002642717445269227,0.2953999936580658,3.589062452316284,,,0.0017277977894991636,0.0035860277712345123,0.4041999876499176,4.368750095367432,,,0.0002444420373902505,0.0005412412914284688,0.055427552147044784,0.39032600613877644,,
8,0.0012474555987864733,0.00314309517852962,0.3634000023206075,3.7989583015441895,,,0.0010583234252408147,0.002638933015987277,0.31200000643730164,3.409374952316284,,,0.0014876843197271228,0.003891867119818926,0.4255000054836273,4.193749904632568,,,0.0002191936068759467,0.0006613141651515434,0.057501565741451176,0.3922134124255564,,
9,0.001081579093200465,0.003281949320808053,0.3437000314394633,3.852604309717814,,,0.0009122774936258793,0.0023989882320165634,0.2915000319480896,3.301562547683716,,,0.0012945460621267557,0.004258173052221537,0.4053000509738922,4.150000095367432,,,0.00019483919774109345,0.0009330945768258318,0.05747939948516894,0.4777172585137749,,
10,0.000993811001535505,0.0035125539482881627,0.35733335216840106,3.6807291507720947,,,0.0008495802176184952,0.0025754377711564302,0.29660001397132874,3.1953125,,,0.0011828161077573895,0.004587830509990454,0.42990002036094666,4.25,,,0.00017107043745943047,0.0010132854251031589,0.06743325366578695,0.5323204632672526,,
11,0.0008941680425778031,0.0030579727608710527,0.3540000220139821,3.6812500953674316,,,0.0007596941431984305,0.0025802263990044594,0.29840001463890076,3.453125,,,0.0010793206747621298,0.003620913252234459,0.4271000325679779,3.8187501430511475,,,0.00016573029411938258,0.000525548105692504,0.06611059852385777,0.19894750754545742,,
12,0.0008259690172659854,0.003141991561278701,0.3725000321865082,3.534375031789144,,,0.0007000863552093506,0.002328304573893547,0.3076000213623047,3.1187500953674316,,,0.0009772266494110227,0.004393188748508692,0.46170005202293396,3.793750047683716,,,0.00014030182642356382,0.0010997718149099015,0.07987222728143546,0.3636162292243014,,
13,0.0007641599901641408,0.003393900658314427,0.35920003056526184,3.442187547683716,,,0.000641006394289434,0.002603716915473342,0.3069000244140625,3.143749952316284,,,0.0009121492621488869,0.004280376248061657,0.43170005083084106,3.707812547683716,,,0.00013726697273431897,0.0008424670434054503,0.06480580279630072,0.2834592610662436,,
14,0.0007105210291532179,0.0036828897427767515,0.3627000153064728,3.5140625635782876,,,0.0006013780366629362,0.0026548022869974375,0.3091000020503998,3.231250047683716,,,0.0008305881056003273,0.005235951393842697,0.4165000021457672,3.942187547683716,,,0.00011499485046423928,0.0013683132343252605,0.05370027930278129,0.37708728073180986,,
15,0.0006816293074128529,0.003498893929645419,0.3569333553314209,3.508333444595337,,,0.0005913647473789752,0.0024128330405801535,0.2907000184059143,2.8062500953674316,,,0.0007898038602434099,0.004525245167315006,0.4246000349521637,4.243750095367432,,,0.00010042457995973293,0.0010574711249705408,0.06696151477701916,0.7193294754449291,,
16,0.0006435305306998392,0.003065146505832672,0.37450002630551654,3.220312515894572,,,0.0005566813633777201,0.0024679224006831646,0.29600000381469727,2.760937452316284,,,0.0007343792240135372,0.0038736052811145782,0.4642000198364258,3.4828126430511475,,,8.891641903919968e-05,0.0007262583248982048,0.08465749146355313,0.39918135376406766,,
17,0.0006166642997413874,0.003220316953957081,0.37460001309712726,3.273958365122477,,,0.0005415028426796198,0.002708847401663661,0.2913000285625458,2.7171876430511475,,,0.000734487664885819,0.003662816248834133,0.4777999818325043,3.578125,,,0.00010332383172061434,0.0004807096968535167,0.09482913671872222,0.48286633947478813,,
18,0.0005827306886203587,0.003279543093716105,0.3753333588441213,3.3098958333333335,,,0.000508492230437696,0.0023742939811199903,0.3046000301837921,2.7109375,,,0.0006645728717558086,0.003946488257497549,0.4602000415325165,3.684375047683716,,,7.83176488630536e-05,0.000812736297752283,0.07875693401214127,0.5241071655249936,,
19,0.0005669397166154037,0.0034745020481447377,0.38510003685951233,3.328125,,,0.0004870657285209745,0.002451872220262885,0.3175000250339508,2.700000047683716,,,0.0006485535413958132,0.004415498580783606,0.46970006823539734,3.890625,,,8.075796369736636e-05,0.0009843551783285003,0.07751105589633057,0.5980191636096827,,
20,0.0005488302267622203,0.0034591734098891416,0.4038333495457967,3.0651042461395264,,,0.00048386791604571044,0.002493303967639804,0.31700000166893005,2.5640625953674316,,,0.0006276838830672204,0.0044300188310444355,0.49250003695487976,3.5796875953674316,,,7.29073741419698e-05,0.0009683670201982612,0.08776438028450204,0.5079478992515385,,
21,0.0005245971551630646,0.0032296660356223583,0.40940003593762714,3.005208412806193,,,0.0004623086715582758,0.0024781690444797277,0.3280000388622284,2.3343751430511475,,,0.0005812330637127161,0.0038775952998548746,0.5085000395774841,3.3812501430511475,,,5.9663359492164404e-05,0.0007054382797958461,0.09154250509374445,0.5823773306296333,,
22,0.0005157805183747163,0.0033660149201750755,0.40746669967969257,3.051562547683716,,,0.0004736058472190052,0.0024426060263067484,0.3328000009059906,2.3828125,,,0.0005557962576858699,0.004122382495552301,0.49830004572868347,3.5015625953674316,,,4.113771545929609e-05,0.0008522554477503786,0.08392607802209658,0.5905837077385045,,
23,0.000503767078043893,0.003401607663060228,0.40706667304039,3.0791667302449546,,,0.0004614272911567241,0.002715490525588393,0.32280001044273376,2.21875,,,0.000555282284040004,0.0038090450689196587,0.5103999972343445,3.817187547683716,,,4.759549515604063e-05,0.0005976723010302421,0.09524228026131012,0.8062172275913165,,
24,0.0004975017994487038,0.0034796386025846004,0.4209333658218384,3.038020928700765,,,0.0004477971524465829,0.0024843583814799786,0.3222000300884247,2.168750047683716,,,0.0005787955597043037,0.004524691961705685,0.5160000324249268,4.067187786102295,,,7.098274250210943e-05,0.0010210770311784348,0.09695201686035476,0.9592661278867936,,
25,0.0004839610871082793,0.0036237277866651616,0.41583337386449176,2.8432292143503823,,,0.0004247875767759979,0.00244044023565948,0.3263000249862671,2.253124952316284,,,0.0005527827888727188,0.005048912018537521,0.5121000409126282,3.5171875953674316,,,6.454075672282454e-05,0.0013209529755742533,0.09308283762188363,0.6361896150851319,,
26,0.0004830541341410329,0.003213097807019949,0.4174666901429494,2.9591146310170493,,,0.0004314855032134801,0.0026108878664672375,0.3279000222682953,2.077343702316284,,,0.0005602660239674151,0.004288081545382738,0.508400022983551,3.8921875953674316,,,6.811232029983977e-05,0.0009332100283807236,0.09025776085411544,0.9085089505242131,,
27,0.0004694914969149977,0.0034686902072280645,0.4246000250180562,2.7760417461395264,,,0.00042332851444371045,0.0022706252057105303,0.3473000228404999,2.2125000953674316,,,0.000539983797352761,0.004208678379654884,0.5205000042915344,3.2734375,,,6.201653442577293e-05,0.00104708562795566,0.08808534358584458,0.5335527189470639,,
28,0.0004590068031878521,0.003235204999024669,0.42986669143040973,2.9520833094914756,,,0.00042407732689753175,0.0023248486686497927,0.33080002665519714,1.931249976158142,,,0.0005171655211597681,0.004414688795804977,0.5402000546455383,3.924999952316284,,,5.070553450637759e-05,0.0010705980264073694,0.10515368182280126,0.9977383167843236,,
29,0.0004416224352704982,0.003047434768329064,0.4352000157038371,2.7864583333333335,,,0.0004095190961379558,0.0027949432842433453,0.343500018119812,2.239062547683716,,,0.0004911886644549668,0.0032284536864608526,0.5234000086784363,3.484375,,,4.354530966701211e-05,0.00022541974840444977,0.09000105096579582,0.6361549950209546,,
30,0.00043872976675629616,0.003193133200208346,0.43130003412564594,2.8585938612620034,,,0.0004030602576676756,0.002520896028727293,0.33670005202293396,1.9695312976837158,,,0.0005065182922407985,0.0037139488849788904,0.5383000373840332,3.7093751430511475,,,5.873342012953582e-05,0.0006107701117693459,0.10137040454637021,0.8705534124723753,,
31,0.0004379088059067726,0.0030851971823722124,0.4284000297387441,2.850781281789144,,,0.0003946142678614706,0.0024716705083847046,0.3387000262737274,2.047656297683716,,,0.00047994672786444426,0.0035525925923138857,0.526900053024292,3.8125,,,4.2680106554852274e-05,0.0005550800821774963,0.09440811818302286,0.8930466408729667,,
32,0.000436505360994488,0.003298679832369089,0.4486333429813385,2.5841146310170493,,,0.0004123054095543921,0.002528336364775896,0.3698999881744385,2.047656297683716,,,0.0004710471839644015,0.004089271184056997,0.5426000356674194,2.9859375953674316,,,3.0706102736484596e-05,0.0007806643709807472,0.08735197501044516,0.483412825990003,,
33,0.0004256489434434722,0.003449799104904135,0.44423337777455646,2.8184896310170493,,,0.00038541154935956,0.002751382766291499,0.3459000289440155,1.9929687976837158,,,0.00047264419845305383,0.004137744661420584,0.5475000739097595,3.4671876430511475,,,4.400721850089113e-05,0.0006932402570716418,0.10089052467535697,0.752847948531632,,
34,0.0004151305474806577,0.0031576032439867654,0.4565333624680837,2.6541667381922402,,,0.0003808433539234102,0.0025025333743542433,0.3587000370025635,1.8546875715255737,,,0.0004562716349028051,0.004038834944367409,0.5654000639915466,3.4453125,,,3.8178374621113996e-05,0.0007927278907492378,0.10379078393450247,0.795345208069097,,
35,0.00041304717888124287,0.0034273514368881783,0.46266669034957886,2.613802115122477,,,0.0003868105122819543,0.0027372664771974087,0.34460002183914185,1.75390625,,,0.0004609353491105139,0.00388483889400959,0.5873000025749207,3.4609375,,,4.1535690265054053e-05,0.0006081174324159476,0.12148317072560184,0.8535871628083461,,
36,0.0004177620285190642,0.003300167309741179,0.46550002694129944,2.5742187897364297,,,0.0003876900882460177,0.0027057488914579153,0.35770002007484436,1.849218726158142,,,0.00046270451275631785,0.003657963825389743,0.572700023651123,3.403125047683716,,,3.9656535142350044e-05,0.0005183346059309062,0.10750125763725282,0.7821467809436224,,
37,0.0004191152984276414,0.0034278858608255782,0.45820002754529315,2.5127605199813843,,,0.00038639598642475903,0.0028273721691221,0.35690003633499146,1.8117188215255737,,,0.00047904395614750683,0.003980196546763182,0.5580000281333923,3.1421875953674316,,,5.197280966232754e-05,0.0005779218448410959,0.10055838679209828,0.6681192110844684,,
38,0.0004111923238572975,0.0032225133230288825,0.4527333478132884,2.7416667143503823,,,0.00038839757326059043,0.002803304698318243,0.3344000279903412,1.7734375,,,0.0004455063317436725,0.0038688816130161285,0.5740000009536743,3.7984375953674316,,,3.0246860006435787e-05,0.0005679477752669705,0.11982691723594865,1.0153994615970654,,
39,0.0004120178346056491,0.003420139585311214,0.47726669907569885,2.5104167064030967,,,0.0003894970868714154,0.002762144198641181,0.3867000341415405,1.7843750715255737,,,0.00045045840670354664,0.003961378708481789,0.5812000632286072,3.2515625953674316,,,3.3453717801557986e-05,0.0006080829476296198,0.09793654483756736,0.7337103729660225,,
40,0.00040391173873407144,0.003336593508720398,0.4736666778723399,2.4250000715255737,,,0.00038818729808554053,0.002621385967358947,0.37480002641677856,1.779687523841858,,,0.0004336808924563229,0.0037841256707906723,0.5776000022888184,3.0328125953674316,,,2.579451988670603e-05,0.0006258821662207118,0.10149488132213687,0.6274036181459257,,
41,0.00038949446752667427,0.003248911971847216,0.49246668815612793,2.313802123069763,,,0.0003704118716996163,0.002573241712525487,0.375900000333786,1.627343773841858,,,0.00040796774555929005,0.0038922205567359924,0.60670006275177,3.089062452316284,,,1.878534978305965e-05,0.000660084658470259,0.11541772162885883,0.734894358048608,,
42,0.00040565918122107786,0.003362303754935662,0.47403334577878314,2.458333373069763,,,0.0003795609518419951,0.0026468944270163774,0.3768000304698944,1.751562476158142,,,0.00043314960203133523,0.004270029719918966,0.5742999911308289,3.09375,,,2.6821437415146912e-05,0.0008284813283564111,0.0987849150104949,0.6739327942551963,,
43,0.0003823352065713455,0.003380464001869162,0.4885333677132924,2.394270896911621,,,0.00035280617885291576,0.0025514094159007072,0.3970000147819519,1.6640625,,,0.00040453567635267973,0.004523959010839462,0.5794000625610352,3.2875001430511475,,,2.663204928225664e-05,0.0010231776780385928,0.0912018513090786,0.8239049054236216,,
44,0.00039927555674997467,0.0032465592958033085,0.49986669421195984,2.4822916984558105,,,0.0003768496389966458,0.0025685292202979326,0.3947000205516815,1.609375,,,0.00043265600106678903,0.004021841567009687,0.6242000460624695,3.46875,,,2.9471829787927345e-05,0.000731520803841358,0.1159443253980073,0.934873049873703,,
45,0.000385197636205703,0.0033897908870130777,0.5121667285760244,2.0958333810170493,,,0.00036016572266817093,0.0028136540204286575,0.434300035238266,1.62890625,,,0.00041632296051830053,0.004197791218757629,0.5959000587463379,2.4859375953674316,,,2.8570195692264164e-05,0.0007206104674555745,0.0809595885009686,0.4336496306114623,,
46,0.0003799573945191999,0.003316570849468311,0.4948000411192576,2.3604166507720947,,,0.0003463251341599971,0.0029265154153108597,0.39990001916885376,1.625,,,0.00040593085577711463,0.003717307699844241,0.601300060749054,3.104687452316284,,,3.053200640524213e-05,0.0003955043347533696,0.10119987226646102,0.7398834611781677,,
47,0.000380246143322438,0.003173963554824392,0.5008000135421753,2.240364670753479,,,0.00036166186328046024,0.0027149724774062634,0.420600026845932,1.6476563215255737,,,0.00040570582496002316,0.0039611090905964375,0.5952000021934509,2.715625047683716,,,2.281273767949306e-05,0.0006848197763546506,0.08816188456175801,0.5435851540104701,,
48,0.00037792463748094934,0.0032208033371716738,0.5098667144775391,2.114843805631002,,,0.00036516471300274134,0.0027580009773373604,0.43390002846717834,1.603124976158142,,,0.00039880748954601586,0.003779294202104211,0.5972000956535339,2.5640625953674316,,,1.8233089914251656e-05,0.0005173269568122444,0.08224128710695378,0.48350798155583313,,
49,0.0003761113330256194,0.0033129899917791286,0.5300000508626302,2.032812555631002,,,0.00035768665838986635,0.0029063287656754255,0.464400053024292,1.389062523841858,,,0.00039508839836344123,0.003674610983580351,0.6241000294685364,2.520312547683716,,,1.8706987728614306e-05,0.00038611637962762544,0.08357755258971669,0.5815859440347385,,
50,0.00037388119380921125,0.0032279146059105792,0.5174000362555186,2.1510417064030967,,,0.00034812631201930344,0.0029096573125571012,0.4329000413417816,1.560156226158142,,,0.00040384792373515666,0.0038564198184758425,0.6133000254631042,2.75,,,2.8098563158885188e-05,0.0005443162124949204,0.09073868232550107,0.5949629646239505,,
51,0.00038664284511469305,0.0033579502099504075,0.5158333679040273,2.166145841280619,,,0.00037294949288479984,0.0027464742306619883,0.427200049161911,1.463281273841858,,,0.0004097511700820178,0.0040362440049648285,0.6137000322341919,2.799999952316284,,,2.0126404171311674e-05,0.0006474758551869678,0.09359221081132507,0.6710261087806695,,
52,0.00037605322237747413,0.003451061900705099,0.527400016784668,2.0533854961395264,,,0.00035469827707856894,0.003172751283273101,0.4491000175476074,1.421875,,,0.0004032191354781389,0.003994475584477186,0.6248000264167786,2.6156251430511475,,,2.477688307783277e-05,0.0004706563859489466,0.08939368588986008,0.5998822292110554,,
53,0.00037411199688601,0.0030307109312464795,0.5308000147342682,2.0427083174387612,,,0.00035584939178079367,0.0025495283771306276,0.45000001788139343,1.34765625,,,0.00040011058445088565,0.003585181199014187,0.6370000243186951,2.609375,,,2.312244283389775e-05,0.0005217015512705345,0.09605269952978922,0.6405822791125296,,
54,0.0003691945457831025,0.0033051295516391597,0.5351667006810507,1.9716146389643352,,,0.0003457962302491069,0.002738109789788723,0.4545000195503235,1.4015625715255737,,,0.00040497546433471143,0.0035935421474277973,0.6337000131607056,2.450000047683716,,,3.147287848066251e-05,0.0004910779921353901,0.09092618882538249,0.5301955937140512,,
55,0.0003810056174794833,0.0033060623488078513,0.5226666827996572,2.0901042222976685,,,0.000372953771147877,0.0026108219753950834,0.44790002703666687,1.568750023841858,,,0.00038530738675035536,0.004282442852854729,0.603600025177002,2.590625047683716,,,6.9785573784653495e-06,0.0008705509285960595,0.07803296337494067,0.5112559663838139,,
56,0.00036267742204169434,0.0029880309011787176,0.5292666852474213,2.047395865122477,,,0.00035254060639999807,0.0027541532181203365,0.44140002131462097,1.521093726158142,,,0.0003813999646808952,0.0034239310771226883,0.6110000014305115,2.6265625953674316,,,1.6232734555614976e-05,0.0003778364868911215,0.08496618021184528,0.5546272207133063,,
57,0.0003608465000676612,0.0034868437020728984,0.553433358669281,1.859375,,,0.00034412177046760917,0.002615730743855238,0.46070003509521484,1.21875,,,0.00039144244510680437,0.00432194909080863,0.6585000157356262,2.4296875,,,2.6535250618665787e-05,0.0008536789037249827,0.09947507939987084,0.6085230422660673,,
58,0.00036565207604629296,0.003584626829251647,0.5487333436806997,1.8924479087193806,,,0.00032839138293638825,0.0029658465646207333,0.47690001130104065,1.329687476158142,,,0.00041000646888278425,0.004340645391494036,0.6391000151634216,2.409374952316284,,,4.126737204339079e-05,0.0006975985352203113,0.08267299321405354,0.5413010125624667,,
59,0.000357287247121955,0.0033125631355990968,0.5446666876475016,2.0229166746139526,,,0.0003392409416846931,0.002767004771158099,0.4456000328063965,1.3601562976837158,,,0.00038384931394830346,0.0036916995886713266,0.6434000134468079,2.796875,,,2.3491814809186298e-05,0.00048429052832125536,0.09890041160947895,0.7247854132099601,,
60,0.0003608204424381256,0.0033914921805262566,0.5628000299135844,1.715625007947286,,,0.0003408544580452144,0.0026280824095010757,0.5009000301361084,1.318750023841858,,,0.0003905718622263521,0.004205011762678623,0.6362000107765198,2.03515625,,,2.6263494227436085e-05,0.0007896580216186252,0.0683791515306264,0.36441187006679043,,
61,0.00035760865042296547,0.0032869454783697924,0.5613667170206705,1.7804687817891438,,,0.0003462383465375751,0.0025412868708372116,0.4700000286102295,1.3054687976837158,,,0.0003787853929679841,0.0040870895609259605,0.6488000750541687,2.348437547683716,,,1.8356258802506232e-05,0.0007743403576030457,0.08946489517111916,0.5276631019501541,,
62,0.0003454610414337367,0.003151059771577517,0.5393667419751486,1.9369792540868123,,,0.0003201547951903194,0.0028390749357640743,0.46880006790161133,1.5148438215255737,,,0.00036804171395488083,0.0035659209825098515,0.6037001013755798,2.4125001430511475,,,2.4059526414241517e-05,0.00037418438681443303,0.06766568862192954,0.45120308410983984,,
63,0.0003526125316663335,0.0034524238047500453,0.5479666988054911,1.8088541428248088,,,0.00032947634463198483,0.003174579469487071,0.48000001907348633,1.466406226158142,,,0.0003700743254739791,0.00393895898014307,0.604900062084198,2.229687452316284,,,2.0885355299352067e-05,0.0004227681505782053,0.06317678165266388,0.38763095839676415,,
64,0.0003575147323620816,0.0029959220749636493,0.568466713031133,1.7356771230697632,,,0.00034845175105147064,0.002681940095499158,0.48990002274513245,1.322656273841858,,,0.0003751159820239991,0.0035073489416390657,0.6385000348091125,2.2125000953674316,,,1.5245386947148254e-05,0.00044672508709026493,0.07466662360066927,0.4483397593990145,,
65,0.00035075529012829065,0.0031180615381648145,0.5832000275452932,1.6182292302449544,,,0.00033339415676891804,0.002782844938337803,0.49470004439353943,1.1984375715255737,,,0.00037406812771223485,0.003423969028517604,0.6676000356674194,2.153125047683716,,,2.09799920270965e-05,0.00032156537854042736,0.08652288189871869,0.48764102554971017,,
66,0.00035167882257762056,0.00311454936551551,0.5732667148113251,1.6729166905085247,,,0.0003401563153602183,0.002674235962331295,0.4976000487804413,1.25390625,,,0.0003729243471752852,0.0037549228873103857,0.6528000831604004,2.094531297683716,,,1.8421150275999962e-05,0.0005674408301744547,0.07767223576026541,0.4203185743710754,,
67,0.0003482391281674306,0.0032778559252619743,0.569433351357778,1.7049479484558105,,,0.00033257901668548584,0.002988822292536497,0.49790000915527344,1.26171875,,,0.00037515844451263547,0.0037146948743611574,0.6458000540733337,2.1187500953674316,,,2.3416429897328657e-05,0.0003848474501961108,0.07406839307071476,0.4292728098278713,,
68,0.0003466789785306901,0.0032728050524989762,0.586900015672048,1.58203128973643,,,0.00033491611247882247,0.0027885783929377794,0.5248000025749207,1.2804688215255737,,,0.00036903866566717625,0.0038959109224379063,0.6360999941825867,1.94921875,,,1.93728320554216e-05,0.0005665791286560459,0.056760287192878234,0.3391704533049373,,
69,0.0003533868584781885,0.0033865976923455796,0.5675000349680582,1.6848958730697632,,,0.00034132591099478304,0.0027579430025070906,0.49230003356933594,1.3046875,,,0.0003754223871510476,0.00405848165974021,0.6314000487327576,2.055468797683716,,,1.9111818960984074e-05,0.0006513461273147715,0.07023511119812396,0.37548338263912495,,
70,0.00034569458997187513,0.003229557846983274,0.5766333738962809,1.6776041984558105,,,0.00032852418371476233,0.0029967324808239937,0.5083000063896179,1.24609375,,,0.00035909644793719053,0.003589070402085781,0.6534000635147095,2.0562500953674316,,,1.563065264447387e-05,0.0003158374362277793,0.07291671506456392,0.4076571127703459,,
71,0.0003519810561556369,0.003237819764763117,0.579800029595693,1.6427083412806194,,,0.0003344746946822852,0.0030567781068384647,0.5131999850273132,1.24609375,,,0.000374835537513718,0.0035504139959812164,0.6406000256538391,2.069531202316284,,,2.070510077835855e-05,0.000271843074985431,0.06389775434200257,0.41254904452740937,,
72,0.0003452491364441812,0.003462912126754721,0.5940666794776917,1.5395833651224773,,,0.0003237884375266731,0.002760557923465967,0.5279000401496887,1.201562523841858,,,0.00035970049793832004,0.004521374590694904,0.6498000025749207,1.9601563215255737,,,1.8954343277687812e-05,0.0009328604685996429,0.0616160756255763,0.38597574568157345,,
73,0.0003426758824692418,0.003363538533449173,0.5881667137145996,1.5328125556310017,,,0.0003280063974671066,0.002744415309280157,0.5315999984741211,1.3039063215255737,,,0.00036041453131474555,0.003948265220969915,0.6346001029014587,1.8273438215255737,,,1.642061539330061e-05,0.0006026615914166977,0.05224240232504949,0.2678183856637873,,
74,0.00033082131994888186,0.0034974144461254277,0.5923000375429789,1.5244791905085247,,,0.0003120733017567545,0.0030213885474950075,0.5348000526428223,1.303125023841858,,,0.00035618949914351106,0.004030631389468908,0.6380000114440918,1.7937500476837158,,,2.279099859025709e-05,0.0005070462407073121,0.052602167909974,0.2487975792223936,,
75,0.0003464814314308266,0.0035795796817789474,0.5878000458081564,1.5643229087193806,,,0.00033820903627201915,0.0033731490839272738,0.5366000533103943,1.2265625,,,0.0003620817151386291,0.0037078673485666513,0.644300103187561,1.814062476158142,,,1.3518493333465116e-05,0.0001805237309254669,0.0540452884320018,0.303479499919295,,
76,0.0003409058942149083,0.003369798262914022,0.5877333680788676,1.581770896911621,,,0.00032477182685397565,0.002635455457493663,0.5035000443458557,1.193750023841858,,,0.0003667553828563541,0.004263465758413076,0.6587000489234924,2.0257813930511475,,,2.2615189622123423e-05,0.0008256165287991963,0.0784459254223609,0.41883192124728497,,
77,0.00033362947093943757,0.0034579100708166757,0.5950667262077332,1.5635416905085247,,,0.0003163746150676161,0.0029588930774480104,0.5046000480651855,1.125,,,0.00035655172541737556,0.004386649467051029,0.6655000448226929,2.15625,,,2.0679448837786907e-05,0.0008050578144807721,0.0822994766666998,0.5326299376034694,,
78,0.0003428726534669598,0.0034145942578713098,0.5969000458717346,1.4658854405085247,,,0.00032597139943391085,0.0029198171105235815,0.5327000617980957,1.125,,,0.00037420683656819165,0.004104930441826582,0.6550000309944153,1.7648438215255737,,,2.7164249115320457e-05,0.0006162839480362739,0.06137774928063466,0.3219758340688224,,
79,0.00034222801332361996,0.003045425129433473,0.5988667209943136,1.54687503973643,,,0.00032414987799711525,0.002853612182661891,0.5265000462532043,1.221093773841858,,,0.00035572066553868353,0.0033135153353214264,0.6596000790596008,2.0250000953674316,,,1.627724325623644e-05,0.000239251734895015,0.06730828497240085,0.4230517889699061,,
80,0.0003424299745044361,0.0031513278372585773,0.5813334186871847,1.6395833492279053,,,0.00032064810511656106,0.0028578410856425762,0.5075001120567322,1.119531273841858,,,0.00036657386226579547,0.003582407720386982,0.6702000498771667,2.112499952316284,,,2.3053809674978286e-05,0.0003813765913447631,0.08238518117463502,0.49815962669545527,,
81,0.0003289312298875302,0.003313376180206736,0.5959666967391968,1.4723958174387615,,,0.00030596621218137443,0.0032291843090206385,0.5401999950408936,1.149999976158142,,,0.0003507423389237374,0.003439859487116337,0.6548000574111938,1.83203125,,,2.2410354982149995e-05,0.00011152323443157471,0.0573615452351563,0.3425372315437367,,
82,0.00033586811817561585,0.0031446124582240977,0.6129000186920166,1.4682291746139526,,,0.0003248573048040271,0.002587417606264353,0.5268999934196472,1.170312523841858,,,0.0003575936134438962,0.003756523597985506,0.6622000336647034,1.994531273841858,,,1.8815413414316962e-05,0.000586470467357625,0.07474418565732094,0.457114943709634,,
83,0.0003377458973166843,0.0032400288619101048,0.6115000446637472,1.4588541984558105,,,0.0003316747897770256,0.0027124544139951468,0.5267000198364258,1.1492187976837158,,,0.00034427587524987757,0.003514249809086323,0.6867000460624695,1.9250000715255737,,,6.3130626721170175e-06,0.00045701199234788665,0.08043085499642476,0.4108902434532285,,
84,0.00033870503345193964,0.0033688997694601617,0.6072333852450053,1.4692708651224773,,,0.0003234137548133731,0.0031346797477453947,0.5381000638008118,1.16796875,,,0.00034982856595888734,0.0036245444789528847,0.6573000550270081,1.8562500476837158,,,1.3691718037796193e-05,0.0002456341316980069,0.061845067558268615,0.35204858485580437,,
85,0.00033986440394073725,0.003459020828207334,0.6177666982014974,1.388281265894572,,,0.00033229112159460783,0.0029970495961606503,0.5717000365257263,1.1671875715255737,,,0.0003507441433612257,0.004231761209666729,0.659000039100647,1.62890625,,,9.660641638537926e-06,0.0006734695912227375,0.043850237795165704,0.23147815873666985,,
86,0.0003296408782868336,0.0032893053721636534,0.5969333449999491,1.5395833651224773,,,0.00032004466629587114,0.0028671850450336933,0.5340999960899353,1.264062523841858,,,0.0003393815131857991,0.0038098685909062624,0.64410001039505,1.8914062976837158,,,9.669232409731212e-06,0.00047898989456617437,0.056648782123261,0.32055664007298773,,
87,0.00033114478962185484,0.0033719423227012157,0.5989000598589579,1.48828125,,,0.0003157367173116654,0.0028882864862680435,0.5215000510215759,1.15625,,,0.00035965690040029585,0.0036728885024785995,0.6582000851631165,1.920312523841858,,,2.4719071357309698e-05,0.000423009686575703,0.07012440293151741,0.3917242507953478,,
88,0.0003209218169407298,0.003138112680365642,0.601133386294047,1.5039063294728596,,,0.00030749590951018035,0.0029646188486367464,0.5140000581741333,1.131250023841858,,,0.00034124712692573667,0.003314892528578639,0.6672000885009766,2.0414063930511475,,,1.7902164281571595e-05,0.00017515995873275145,0.07874270993910888,0.47694470591851285,,
89,0.00032590698295583326,0.0033882986754179,0.5938334067662557,1.5197916825612385,,,0.00031141150975599885,0.0030480807181447744,0.5140000581741333,1.177343726158142,,,0.00033696231548674405,0.003845378989353776,0.65010005235672,1.98828125,,,1.3118187536357958e-05,0.00041129519948790373,0.07104466357089252,0.41990449232895843,,
90,0.0003262147850667437,0.0032255370169878006,0.5960333546002706,1.54296878973643,,,0.0003228624118492007,0.0029034141916781664,0.5308000445365906,1.1960937976837158,,,0.0003315177164040506,0.0037331688217818737,0.6484000086784363,1.9562500715255737,,,4.645651942218008e-06,0.00044489703600569596,0.05984647874961423,0.3844043920830034,,
91,0.0003244585144178321,0.0032974734591941037,0.6480334003766378,1.280078152815501,,,0.0003172385913785547,0.0026619890704751015,0.5648000836372375,0.9800781607627869,,,0.0003301167453173548,0.003995285369455814,0.7178000807762146,1.6945313215255737,,,6.579580075687718e-06,0.0006688297953703612,0.07738386460925518,0.3707229113046624,,
92,0.0003276428421183179,0.003211900436629852,0.615166703859965,1.4367187817891438,,,0.000320253282552585,0.0029242143500596285,0.5539000630378723,1.201562523841858,,,0.0003358715330250561,0.003600034164264798,0.6722000241279602,1.71484375,,,7.842865739690063e-06,0.0003489275021615208,0.05926348750001459,0.25932438533213076,,
93,0.0003215311444364488,0.0032685598513732352,0.6197666923205057,1.408333381017049,,,0.0003120320034213364,0.002855476690456271,0.5560000538825989,1.0187500715255737,,,0.00032731640385463834,0.0040590655989944935,0.7002000212669373,1.756250023841858,,,8.291436035956125e-06,0.0006848302139253039,0.07353054860254526,0.37051130650759323,,
94,0.00032185086941656965,0.003189877218877276,0.6040667295455933,1.471093773841858,,,0.0003152005956508219,0.0028920122422277927,0.522800087928772,1.2078125476837158,,,0.00032597483368590474,0.003518385346978903,0.6569000482559204,1.921875,,,5.814441595106529e-06,0.0003143088745757516,0.07142856731423654,0.39222249291949896,,
95,0.00032616105939572054,0.00340260014248391,0.6299000382423401,1.3361979722976685,,,0.000319669401505962,0.0028132135048508644,0.5624000430107117,1.0109375715255737,,,0.0003327087906654924,0.004139326978474855,0.7040000557899475,1.685937523841858,,,6.51987542682982e-06,0.0006752229904045632,0.07103035355183376,0.33816513055553005,,
96,0.0003274258245558788,0.0032998931128531694,0.6197667121887207,1.4114583730697632,,,0.0003110896795988083,0.0028995261527597904,0.5562000274658203,1.0812500715255737,,,0.00033717110636644065,0.003939069341868162,0.6826000213623047,1.747656226158142,,,1.4235161162447293e-05,0.0005594058550797959,0.06320318816349435,0.33324344971629527,,
97,0.0003144020156469196,0.003065834753215313,0.6336667140324911,1.3600260416666667,,,0.00030453011277131736,0.0027060420252382755,0.5553000569343567,0.978515625,,,0.00032565093715675175,0.00330287404358387,0.7112000584602356,1.787500023841858,,,1.0627532212106076e-05,0.00031678607823599716,0.07795334134241608,0.40644609286850436,,
98,0.00032477433948467177,0.003431006489942471,0.6271000305811564,1.310937523841858,,,0.0003156096499878913,0.0029336297884583473,0.5591000318527222,1.0125000476837158,,,0.0003391827631276101,0.0039926511235535145,0.7015000581741333,1.630468726158142,,,1.2631131248672154e-05,0.0005324277625853016,0.07141541956177867,0.3095238776835855,,
99,0.0003216052524900685,0.003383538220077753,0.6324333548545837,1.33984378973643,,,0.0003178263723384589,0.0030519296415150166,0.5584999918937683,1.068750023841858,,,0.0003249570436310023,0.003859348362311721,0.6910000443458557,1.7375000715255737,,,3.584469561574721e-06,0.00042258350168595995,0.06757341907208156,0.351880959120291,,
100,0.0003166303310232858,0.0035920549804965654,0.6420000592867533,1.2759114901224773,,,0.0003089855599682778,0.003175287274643779,0.5796000361442566,0.9222656488418579,,,0.0003231559239793569,0.004253281746059656,0.7206000685691833,1.5703125,,,7.151169398390463e-06,0.0005790839265656004,0.07188241752444141,0.32806042562305776,,
101,0.0003166183111413072,0.003147704138730963,0.604900062084198,1.4226562976837158,,,0.0002915848745033145,0.0027342215180397034,0.5414000749588013,1.1515625715255737,,,0.00033020757837221026,0.0037744296714663506,0.660800039768219,1.765625,,,2.1706106827336113e-05,0.0005519172540033638,0.060061701663824824,0.31327731431477385,,
102,0.0003116825925341497,0.003456734431286653,0.6437000632286072,1.2872395714124043,,,0.0003053771215490997,0.0031277427915483713,0.5881000757217407,0.964062511920929,,,0.00031846403726376593,0.004078366328030825,0.7078000903129578,1.536718726158142,,,6.556428447320378e-06,0.0005386557500333183,0.06030100644183719,0.2933552808439932,,
103,0.00031479779863730073,0.0032835196082790694,0.6178333759307861,1.3463542064030964,,,0.0003007455379702151,0.0029615138191729784,0.568600058555603,1.1140625476837158,,,0.00033257820177823305,0.003700296161696315,0.6700000166893005,1.611718773841858,,,1.6240502024492622e-05,0.0003783992081547706,0.05076358110823448,0.25047114170471085,,
104,0.00031027313283023733,0.003514931770041585,0.63373335202535,1.3510416746139526,,,0.000302554719382897,0.0029397651087492704,0.5716000199317932,1.0546875,,,0.00032096236827783287,0.004346866626292467,0.6818000078201294,1.7429687976837158,,,9.556658515281814e-06,0.000737855744454702,0.056430602240435966,0.35395399071446804,,
105,0.0003180514807657649,0.0032489014168580375,0.6295333902041117,1.3260416984558105,,,0.0003048525541089475,0.0028529008850455284,0.5837000608444214,1.1414062976837158,,,0.0003271291498094797,0.003907159902155399,0.6536000370979309,1.580468773841858,,,1.1696163996644774e-05,0.0005739773030477036,0.03970948273697161,0.22769963301813786,,
106,0.0003075108494764815,0.0034578976531823478,0.6249000231424967,1.4408854246139526,,,0.0002916331868618727,0.0031260428950190544,0.5426999926567078,1.00390625,,,0.0003208348643966019,0.003844158025458455,0.7018000483512878,1.9453125,,,1.4767373839693093e-05,0.0003621357663594466,0.07968233475781678,0.4743135528041418,,
107,0.00031648375443182886,0.0034802714362740517,0.6371667186419169,1.3002604246139526,,,0.0003127650707028806,0.0031570305582135916,0.5804000496864319,1.0546875,,,0.0003226961998734623,0.004087876528501511,0.691800057888031,1.557031273841858,,,5.414883863984135e-06,0.0005265603572473202,0.05573063590670531,0.25135902990774917,,
108,0.00031836211564950645,0.003427021593476335,0.6286000410715739,1.3723958730697632,,,0.0003059009904973209,0.0029272728133946657,0.5713000297546387,1.0945312976837158,,,0.0003319679817650467,0.004413793329149485,0.67330002784729,1.6437500715255737,,,1.3071145027992395e-05,0.000854593078836231,0.05215429384580633,0.27466726077368375,,
109,0.00031462002273959416,0.003257291236271461,0.6433000564575195,1.2432291905085247,,,0.0003019465075340122,0.0028676732908934355,0.5937000513076782,1.07421875,,,0.00032820558408275247,0.0036297389306128025,0.6795000433921814,1.46875,,,1.3153275121274974e-05,0.00038132285920295815,0.04444187244649529,0.2032456473299799,,
110,0.0003094827407039702,0.0032051040325313807,0.6240333716074625,1.4111979405085247,,,0.00029693098622374237,0.0031936331652104855,0.5587000250816345,1.2000000476837158,,,0.00032284882036037743,0.0032167332246899605,0.6805000305175781,1.700781226158142,,,1.29780921441848e-05,1.1550843564627298e-05,0.06138219565154821,0.2594294692874799,,
111,0.0003126048541162163,0.0034041409380733967,0.6429000298182169,1.3052083651224773,,,0.0003123186179436743,0.0029119220562279224,0.5859000086784363,1.1062500476837158,,,0.0003127570089418441,0.004220987670123577,0.6895000338554382,1.5476562976837158,,,2.480524591932378e-07,0.0007123556879939956,0.05257719630190455,0.22389367867894688,,
112,0.00030567776411771774,0.0032677526275316873,0.6243000427881876,1.3565104802449544,,,0.00029940836247988045,0.0030197708401829004,0.5774000287055969,1.1843750476837158,,,0.00031216908246278763,0.003650441998615861,0.6498000621795654,1.6515625715255737,,,6.383253785433676e-06,0.000336223329584166,0.04066830512015343,0.2567049363596738,,
113,0.0003121703630313277,0.003458909224718809,0.6313333710034689,1.3752604325612385,,,0.00030185127980075777,0.0030347032006829977,0.5397000312805176,1.075781226158142,,,0.0003222836530767381,0.004100107122212648,0.6895000338554382,1.877343773841858,,,1.0217741068775554e-05,0.000564876520898867,0.0803120416777683,0.43750652116786143,,
114,0.0003012545348610729,0.0032984938782950244,0.645300030708313,1.2865885496139526,,,0.0002868874289561063,0.0027931705117225647,0.5472000241279602,1.0144531726837158,,,0.0003155606391374022,0.003761690342798829,0.6981000304222107,1.794531226158142,,,1.4336702425042329e-05,0.0004856322401832743,0.08503981974038319,0.44026611758291234,,
115,0.0003079088734618078,0.0032889466577519975,0.6394333640734354,1.2575521071751912,,,0.00029922666726633906,0.0030474921222776175,0.5925000309944153,1.099218726158142,,,0.0003189780400134623,0.0036932840012013912,0.6660000681877136,1.5125000476837158,,,1.0089715860987007e-05,0.00035236329912654565,0.040763507557552765,0.22293753050973728,,
116,0.0002970660765034457,0.0032072122363994517,0.6516333619753519,1.2371094226837158,,,0.0002778566558845341,0.002953656716272235,0.5871000289916992,1.0222656726837158,,,0.0003286741557531059,0.0035283013712614775,0.6992999911308289,1.576562523841858,,,2.7584409094712362e-05,0.0002932144466363971,0.05797044203321278,0.29741699278621886,,
117,0.00031355477403849363,0.0033577995685239634,0.6219334006309509,1.3770833412806194,,,0.00030374363996088505,0.0030845794826745987,0.5414000749588013,1.064843773841858,,,0.0003270241722930223,0.0037811172660440207,0.6768000721931458,1.774999976158142,,,1.2063704613758749e-05,0.0003717367222742885,0.0712556851252247,0.362747677919172,,
118,0.0003033445488351087,0.003187833664317926,0.63563338915507,1.325000007947286,,,0.00028947630198672414,0.0029396365862339735,0.5553000569343567,1.0671875476837158,,,0.00032714050030335784,0.003499956801533699,0.6904000639915466,1.712499976158142,,,2.070187063946491e-05,0.00028557764565083956,0.07108616921782605,0.3416448007420476,,
119,0.00029826813261024654,0.003267877579977115,0.6432333588600159,1.298046867052714,,,0.00028572988230735064,0.0029818955808877945,0.5748000144958496,1.038671851158142,,,0.0003153911093249917,0.003684448078274727,0.6978000402450562,1.669531226158142,,,1.5352911263068034e-05,0.00036903254597699017,0.06266151003773261,0.3300337352191815,,
120,0.00030792143661528826,0.003324649063870311,0.6647000312805176,1.1915364662806194,,,0.00030102560413070023,0.0031019961461424828,0.6002000570297241,0.947265625,,,0.00031656480859965086,0.00376975629478693,0.7153000235557556,1.529687523841858,,,7.915626292935896e-06,0.00038547418217260184,0.05879547344620984,0.3023473802091077,,
121,0.00030162729672156274,0.003384101282184323,0.6556333700815836,1.2080729405085247,,,0.00029060765518806875,0.0028725056909024715,0.5835000276565552,1.0226563215255737,,,0.0003123071219306439,0.004101213067770004,0.6953000426292419,1.576562523841858,,,1.0853723811613438e-05,0.0006396156143208362,0.06257295203734478,0.3191234916895643,,
122,0.00029919203370809555,0.003408054898803433,0.6571000615755717,1.1899739702542622,,,0.0002885886060539633,0.003267548978328705,0.6005000472068787,0.962109386920929,,,0.0003071225364692509,0.003653674153611064,0.7200000882148743,1.428125023841858,,,9.551703501067358e-06,0.00021344735308183996,0.05999860470198895,0.2331780479942819,,
123,0.00029610780378182727,0.0034053040047486625,0.6316666801770529,1.2934895952542622,,,0.0002703256905078888,0.003137091873213649,0.5656000375747681,0.940625011920929,,,0.00031342331203632057,0.0038384604267776012,0.7064999938011169,1.6015625,,,2.2762113165707125e-05,0.0003786613608582292,0.07085788810534673,0.33273760178267936,,
124,0.0003025502373930067,0.0033263652585446835,0.6541000405947367,1.237890640894572,,,0.00029832019936293364,0.002990629756823182,0.5867000222206116,0.962890625,,,0.00030760752269998193,0.0037847517523914576,0.7255000472068787,1.5265625715255737,,,4.698600561292376e-06,0.000411022974252438,0.06948641351714231,0.2820845737795714,,
125,0.00029686951893381774,0.003175190727536877,0.6567333340644836,1.1812500357627869,,,0.0002945041633211076,0.002967901062220335,0.5745000243186951,0.9566406607627869,,,0.00030032990616746247,0.0035846331156790257,0.7053999900817871,1.5773438215255737,,,3.063354471180026e-06,0.00035459681181617835,0.07161522492522582,0.34405418293667595,,
126,0.0003059402418633302,0.0033026186283677816,0.6672000288963318,1.1584635575612385,,,0.00029630406061187387,0.0031137466430664062,0.5831000208854675,0.9085937738418579,,,0.0003111552505288273,0.0035224142484366894,0.7280000448226929,1.5625,,,8.354611646479028e-06,0.0002060813099487607,0.07520752261313726,0.3531626497063631,,
127,0.00029322180974607665,0.003431014328574141,0.6761000156402588,1.1358073155085247,,,0.0002795134496409446,0.003151800250634551,0.6104000210762024,0.9066406488418579,,,0.0003031978849321604,0.003833381924778223,0.7399000525474548,1.3992187976837158,,,1.2275405565750715e-05,0.0003570903057040539,0.06477091876056136,0.24806821384656993,,
128,0.0002981741660429786,0.003548693067083756,0.6651666959126791,1.1549479365348816,,,0.00028274772921577096,0.0030307932756841183,0.5861000418663025,0.9195312857627869,,,0.00031475460855290294,0.004352983087301254,0.7193000316619873,1.517968773841858,,,1.6034614995759595e-05,0.000706088519137508,0.07001294231333106,0.3189733187909589,,
129,0.0002952633173360179,0.003224407477925221,0.6588000456492106,1.2080729603767395,,,0.0002875459904316813,0.00286163785494864,0.6074000597000122,0.921093761920929,,,0.00030305510153993964,0.0038644324522465467,0.7129999995231628,1.4718750715255737,,,7.754823644620933e-06,0.0005559245888422647,0.052855621157526816,0.2761211614209934,,
130,0.0002991204964928329,0.0031853658923258386,0.6468333800633749,1.3134114344914753,,,0.0002862691762857139,0.003022544551640749,0.5714000463485718,1.026953101158142,,,0.0003112402919214219,0.003459127154201269,0.7083000540733337,1.712499976158142,,,1.2501619911002628e-05,0.00023849914423309496,0.06951045760346539,0.3563815403854048,,
131,0.00030433696034985286,0.003567618550732732,0.6424667040506998,1.2522135575612385,,,0.00028940208721905947,0.003444251138716936,0.5743000507354736,1.007421851158142,,,0.0003135983133688569,0.0037638486828655005,0.6984000205993652,1.5625,,,1.3057793183275407e-05,0.00017180622673111017,0.0629479271015954,0.28327567521181907,,
132,0.00029792596857684356,0.0032660714350640774,0.6627000570297241,1.1701823472976685,,,0.00028401182498782873,0.0029593936633318663,0.5957000255584717,0.9867187738418579,,,0.000314874283503741,0.0036148622166365385,0.7108001112937927,1.4562500715255737,,,1.565335373625484e-05,0.00032975731271828336,0.059832384942383965,0.2510191600115131,,
133,0.0002907211989319573,0.0034816667903214693,0.6817000309626261,1.1110677321751912,,,0.00027741113444790244,0.0031970397103577852,0.6165000200271606,0.955078125,,,0.0003072429390158504,0.004027289338409901,0.7250000238418579,1.357812523841858,,,1.5173011766422909e-05,0.00047267069615791816,0.057469738124467325,0.21616226922543508,,
134,0.0002905415603891015,0.0032046493918945393,0.6484000285466512,1.29296875,,,0.00028026229119859636,0.0030258302576839924,0.5637000203132629,1.0,,,0.000305291498079896,0.003523819148540497,0.707800030708313,1.7265625,,,1.3099826598330734e-05,0.00027707752844218224,0.07530784142030252,0.38315115760012064,,
135,0.000290508372321104,0.003274249378591776,0.6693333983421326,1.1252604325612385,,,0.00027975771808996797,0.003074457636103034,0.5958000421524048,0.88671875,,,0.0003048259823117405,0.003568730317056179,0.7247000932693481,1.4445313215255737,,,1.2909176883745362e-05,0.0002603860665627872,0.06634249377704911,0.28753542357916295,,
136,0.0002879975169586639,0.003215095493942499,0.6675334175427755,1.1614583532015483,,,0.00028190010925754905,0.002994149923324585,0.5869000554084778,0.965624988079071,,,0.00029631645884364843,0.0035996297374367714,0.7172001004219055,1.5187500715255737,,,7.460508993676866e-06,0.0003342489966243998,0.07045372134028582,0.30990069272001,,
137,0.00028822645739031333,0.003459930264701446,0.6630333860715231,1.1947916944821675,,,0.0002803629613481462,0.0030847126618027687,0.5829000473022461,0.901562511920929,,,0.0002946174063254148,0.00396303553134203,0.7266000509262085,1.5750000476837158,,,7.240414120710918e-06,0.0004529119193529163,0.0732684364090432,0.34504138989043154,,
138,0.00028345550526864827,0.0031799645318339267,0.6647333900133768,1.1518229444821675,,,0.0002722993085626513,0.003119176020845771,0.612000048160553,0.9195312857627869,,,0.0003006296174135059,0.0032618974801152945,0.7150000333786011,1.3796875476837158,,,1.5093478047427015e-05,7.36727164922028e-05,0.05154427892405787,0.2301100724907085,,
139,0.00028828972911772627,0.0032887790196885667,0.6885334054629008,1.0649739702542622,,,0.0002733163128141314,0.0030166369397193193,0.6202000379562378,0.752734363079071,,,0.0002965694002341479,0.003740868531167507,0.7596001029014587,1.403906226158142,,,1.2991581393881074e-05,0.0003942253899650498,0.06974021684846125,0.32640553294725566,,
140,0.00028431747341528535,0.0032134184148162603,0.6766334176063538,1.1462239821751912,,,0.0002716227900236845,0.0027681239880621433,0.6195001006126404,0.96875,,,0.00030200128094293177,0.0036413446068763733,0.7173000574111938,1.447656273841858,,,1.5791823750484032e-05,0.000436869321379822,0.05093693631032054,0.26241579916281993,,
141,0.00028238390223123133,0.003488345226893822,0.6671000123023987,1.1986979444821675,,,0.0002742654469329864,0.00319850817322731,0.5728999972343445,0.7593750357627869,,,0.00029300700407475233,0.003912689629942179,0.7583000063896179,1.6765625476837158,,,9.618546239535995e-06,0.0003756101150889577,0.09273640570513803,0.4598068395164361,,
142,0.00029101181038034457,0.0034718644650032124,0.6833666960398356,1.1143229405085247,,,0.0002718903124332428,0.0032041617669165134,0.6127000451087952,0.876953125,,,0.00031378972926177084,0.003992990590631962,0.7448000311851501,1.4093750715255737,,,2.118766960237509e-05,0.0004513649338411716,0.06653226413284383,0.2708573783882192,,
143,0.00028001189154262346,0.0033614865193764367,0.6611000498135885,1.1733073194821675,,,0.00027288353885523975,0.0030244856607168913,0.5954000353813171,0.9605469107627869,,,0.00029015124891884625,0.0037088084500283003,0.7112000584602356,1.4578125476837158,,,9.019039008528163e-06,0.00034227812285923234,0.05945528968605857,0.2562786915790911,,
144,0.0002888753175890694,0.0032555974709490934,0.6722000439961752,1.1317708492279053,,,0.00027734905597753823,0.002944609383121133,0.5949000716209412,0.9296875,,,0.0003063726471737027,0.0037068931851536036,0.7229000329971313,1.4343750476837158,,,1.5405598042110333e-05,0.0004000422742971495,0.06801960647276956,0.26693765385174717,,
145,0.0002947716663281123,0.0032449265321095786,0.6697333852450053,1.1830729444821675,,,0.0002835422637872398,0.0029096491634845734,0.5900999903678894,0.893750011920929,,,0.00031118077458813787,0.0038587148301303387,0.7341000437736511,1.5304688215255737,,,1.4529068563593824e-05,0.0005323135009053482,0.07320388496702775,0.3223074010734328,,
146,0.00028687206213362515,0.003514302195981145,0.6788334051767985,1.1272135774294536,,,0.00027913221856579185,0.0031592834275215864,0.6109000444412231,0.834765613079071,,,0.00029533603810705245,0.003974329214543104,0.7429000735282898,1.4484375715255737,,,8.126144087884378e-06,0.0004175463545255276,0.06608491054878912,0.30784633027183744,,
147,0.00029376807894247275,0.0035488196493436894,0.6728000442186991,1.1292969187100728,,,0.0002736912574619055,0.003334897803142667,0.6010000109672546,0.874218761920929,,,0.00032928152359090745,0.003919118549674749,0.7357000708580017,1.4171875715255737,,,3.0842931494807246e-05,0.00032197640824044467,0.06778963137467883,0.27296753831267373,,
148,0.0002856239346632113,0.003229535184800625,0.6898000637690226,1.0425781607627869,,,0.00027405915898270905,0.003002666402608156,0.6371000409126282,0.8910156488418579,,,0.00029653054662048817,0.003392338054254651,0.7305001020431519,1.2507812976837158,,,1.1250142230512486e-05,0.0002025816623129648,0.047842372195338954,0.18645093408707752,,
149,0.0002894067923383166,0.0032416063671310744,0.6859667499860128,1.1319010456403096,,,0.00027483634767122567,0.00294242100790143,0.6025000810623169,0.876171886920929,,,0.0003021143493242562,0.00364322611130774,0.7444000840187073,1.49609375,,,1.373408556949181e-05,0.0003614575364474895,0.07418829827930865,0.3238812045032982,,
150,0.0002844083937816322,0.0034196622824917236,0.6717333594957987,1.154687484105428,,,0.0002774458553176373,0.0031812675297260284,0.5884000658988953,0.8359375,,,0.0002937647223006934,0.0037243710830807686,0.7416999936103821,1.548437476158142,,,8.418671393009129e-06,0.00027755815988847167,0.07751914375413338,0.3621226379286553,,
151,0.00029036943063450355,0.003414773770297567,0.6663000384966532,1.255468765894572,,,0.0002825789269991219,0.0031193094328045845,0.5622000694274902,0.916015625,,,0.0003006587503477931,0.0038199198897928,0.7237000465393066,1.825781226158142,,,9.295324869158542e-06,0.0003629549876881442,0.09031182326632235,0.49688065092866796,,
152,0.00029683147052613396,0.0033561079762876034,0.660633365313212,1.2200520634651184,,,0.0002916968078352511,0.003173110308125615,0.5770999789237976,0.918749988079071,,,0.00030313359457068145,0.0035860836505889893,0.738800048828125,1.634374976158142,,,5.8070859488347706e-06,0.0002104565161546864,0.08098351237488702,0.37095830377546496,,
153,0.0002787927708898981,0.003390728418404857,0.6864333947499593,1.0479166706403096,,,0.0002588419592939317,0.0029831419233232737,0.5919000506401062,0.813281238079071,,,0.00029013107996433973,0.004010717384517193,0.7447000741958618,1.4296875,,,1.733158007350432e-05,0.0005457233176133771,0.08260396494143274,0.33350530532078737,,
154,0.0002740779988622914,0.003245065687224269,0.6848333477973938,1.1549479166666667,,,0.0002665513602551073,0.002988334046676755,0.5982999801635742,0.8773437738418579,,,0.0002804240502882749,0.0037304849829524755,0.7460000514984131,1.567968726158142,,,7.011292445647826e-06,0.00042061922896815445,0.07704822189634779,0.3646833714317131,,
155,0.00027962145395576954,0.0033570084099968276,0.6553333799044291,1.2479166785875957,,,0.00026499625528231263,0.003275293856859207,0.5753000378608704,0.985156238079071,,,0.0002956051903311163,0.0034811096265912056,0.7050000429153442,1.6828125715255737,,,1.5349623601934442e-05,0.0001092588884111544,0.06997945573085244,0.3793468734375228,,
156,0.0002895921643357724,0.0033644582144916058,0.6783667405446371,1.0832031766573589,,,0.00026560237165540457,0.003005517181009054,0.6216000914573669,0.8882812857627869,,,0.0003027045459020883,0.003962028305977583,0.7175000905990601,1.3523437976837158,,,2.080580178377886e-05,0.0005209954448359811,0.05032298068408249,0.2407692228449717,,
157,0.0002911667785762499,0.003347955488910278,0.6743667125701904,1.1408854524294536,,,0.00028885496431030333,0.0031452798284590244,0.6037999987602234,0.871874988079071,,,0.0002940933336503804,0.0035300063900649548,0.7343000769615173,1.5187500715255737,,,2.6727435402035465e-06,0.00019319075372106116,0.06589665160332601,0.3368957756488447,,
158,0.00028806818105901283,0.0032071551928917565,0.6684000492095947,1.1600260535875957,,,0.00027702111401595175,0.0030004498548805714,0.5837000608444214,0.9175781607627869,,,0.00029806370730511844,0.003504089778289199,0.7127000689506531,1.59375,,,1.0560633817109037e-05,0.0002636650923533106,0.07337825714388471,0.3764863683473712,,
159,0.0002890842539879183,0.0033329438883811235,0.673300047715505,1.1229166785875957,,,0.0002827520074788481,0.003004860831424594,0.61080002784729,0.862109363079071,,,0.0002974977542180568,0.003700392320752144,0.7375000715255737,1.388281226158142,,,7.589991733382618e-06,0.00034943273708639946,0.06336712694348298,0.2631155328882647,,
160,0.0002830081890958051,0.0033609216722349324,0.6839333971341451,1.1138020952542622,,,0.0002682716876734048,0.0030468294862657785,0.6186000108718872,0.881640613079071,,,0.0002957591786980629,0.0037736468948423862,0.7438001036643982,1.40625,,,1.3850892880915972e-05,0.00037331252763585763,0.06277881210474259,0.26745016689311324,,
161,0.00028057489544153214,0.003371027996763587,0.6607667009035746,1.210156261920929,,,0.00027435837546363473,0.002951748436316848,0.5742000937461853,0.948437511920929,,,0.00028756624669767916,0.003856198163703084,0.7053000330924988,1.701562523841858,,,6.637939308707941e-06,0.00045581082299595173,0.07497930166107657,0.4258715601499412,,
162,0.0002823080964541684,0.0033638422222187123,0.6770667632420858,1.127343753973643,,,0.0002669316600076854,0.0029166319873183966,0.5929000377655029,0.880078136920929,,,0.0002906427253037691,0.003727990435436368,0.7296001315116882,1.524999976158142,,,1.333206454538894e-05,0.0004120074118479044,0.07363579885960549,0.3477701040417446,,
163,0.00028107300749979913,0.003246596626316508,0.6807333827018738,1.105859398841858,,,0.00027327219140715897,0.0030958259012550116,0.6258000731468201,0.8988281488418579,,,0.0002887056034523994,0.0034496637526899576,0.719200074672699,1.372656226158142,,,7.718081066636912e-06,0.00018262390716896964,0.04882880494398223,0.24250196883174618,,
164,0.0002828566454506169,0.003596271233012279,0.6994667053222656,1.0371093948682149,,,0.00027852554921992123,0.003387733828276396,0.6454000473022461,0.833203136920929,,,0.0002850379969459027,0.0038683824241161346,0.7497000098228455,1.2335938215255737,,,3.750872653993599e-06,0.000246550173201214,0.05225554032687212,0.20029849666015004,,
165,0.00028240934868032735,0.0032872415613383055,0.6832667390505472,1.0610677202542622,,,0.0002748960687313229,0.0030209484975785017,0.6190000772476196,0.8753906488418579,,,0.0002888238523155451,0.0036708537954837084,0.7264000773429871,1.341406226158142,,,7.028603768390729e-06,0.0003404659525801189,0.0567331739555477,0.2470085422821351,,
166,0.0002872394397854805,0.003131805065398415,0.6869333982467651,1.0787760615348816,,,0.000276372506050393,0.0028098446782678366,0.6216000914573669,0.840624988079071,,,0.0002937841636594385,0.003441812004894018,0.7374000549316406,1.3312500715255737,,,9.476422254015069e-06,0.0003161531893932628,0.059314170728068924,0.2456259412398426,,
167,0.00027723647266005475,0.0034100557677447796,0.6895334124565125,1.07031253973643,,,0.000275098456768319,0.0030515133403241634,0.6254000663757324,0.7894531488418579,,,0.00027969671646133065,0.004004564601927996,0.7633000612258911,1.314843773841858,,,2.3160032751183306e-06,0.000518494730591839,0.06945287996502426,0.26457253909135225,,
168,0.0002768754978508999,0.0033172256468484798,0.6830000281333923,1.0875000357627869,,,0.0002577461418695748,0.0031207476276904345,0.6159000396728516,0.8316406607627869,,,0.0002979057899210602,0.0037101157940924168,0.7394000291824341,1.3953125476837158,,,2.0147195869777292e-05,0.0003402528500048606,0.062441405735068345,0.2854047045043121,,
169,0.00028411787934601307,0.0032683405249069133,0.68966672817866,1.0837239623069763,,,0.00026926081045530736,0.0030262426007539034,0.5964000821113586,0.8324218988418579,,,0.0003053806140087545,0.0037051597610116005,0.7499000430107117,1.470312476158142,,,1.889270937881e-05,0.0003790374910470343,0.08190824273782844,0.3397836295361622,,
170,0.00029743561754003167,0.003398927471910914,0.6786667307217916,1.166796902815501,,,0.00028116125031374395,0.0030485917814075947,0.5820000767707825,0.8871093988418579,,,0.00032351817935705185,0.0038328864611685276,0.7464000582695007,1.6218750476837158,,,2.2818366951695078e-05,0.00039877835729417235,0.08593422782433463,0.397544396721367,,
171,0.00028110420680604875,0.0034884759224951267,0.6768000324567159,1.11718753973643,,,0.0002720680204220116,0.003299084724858403,0.6101000308990479,0.90625,,,0.0002964557206723839,0.003782831598073244,0.7257000207901001,1.4210938215255737,,,1.3364224698126099e-05,0.00025839101292114605,0.05982031234281007,0.26971916948914154,,
172,0.0002781439203924189,0.0033637958113104105,0.6823667089144388,1.0876302123069763,,,0.0002681591431610286,0.003027108730748296,0.6166000366210938,0.887499988079071,,,0.0002890620962716639,0.003999311476945877,0.7235000133514404,1.416406273841858,,,1.0482689872509683e-05,0.0005506981363426209,0.057550007516911944,0.28696302614127217,,
173,0.00028108352368387085,0.0033755462306241193,0.6885000665982565,1.046484390894572,,,0.0002700982731766999,0.003072507679462433,0.610200047492981,0.889843761920929,,,0.000300232699373737,0.003857665229588747,0.7292000651359558,1.3515625,,,1.66435623094232e-05,0.0004221024161492863,0.06782751808645729,0.2642372275139103,,
174,0.0002799441184227665,0.003469466852645079,0.677066703637441,1.1634114782015483,,,0.0002665151550900191,0.0031771515496075153,0.5905000567436218,0.9351562857627869,,,0.00028735489468090236,0.003995096776634455,0.7307000160217285,1.5390625,,,1.1650648836125961e-05,0.0004561637675949872,0.07567998769049336,0.3278259092613851,,
175,0.0002760941570159048,0.003408410120755434,0.6787000298500061,1.12109375,,,0.0002681684563867748,0.003191960509866476,0.6144000291824341,0.958984375,,,0.00028513147844932973,0.0037243315018713474,0.724399983882904,1.385156273841858,,,8.53597123841731e-06,0.00027977793530964136,0.05731028537387856,0.23065440654731967,,
176,0.00027917455493782956,0.003249596571549773,0.6965667208035787,1.0416666865348816,,,0.0002575630496721715,0.0030283438973128796,0.6396000981330872,0.844531238079071,,,0.0003016234841197729,0.0034561294596642256,0.7457000613212585,1.23828125,,,2.2042151211701655e-05,0.00021427231719632414,0.05348196685890487,0.19687552276200582,,
177,0.000276921404292807,0.0033780752370754876,0.6952667236328125,1.0333333412806194,,,0.0002689491957426071,0.0032551889307796955,0.6345000267028809,0.858203113079071,,,0.0002920472761616111,0.003619027091190219,0.7361000776290894,1.3203125,,,1.3105781316566035e-05,0.00020868434759000983,0.05365301675987152,0.25053724037275654,,
178,0.00027400436617123586,0.003303642850369215,0.69213338692983,1.075000027815501,,,0.0002520735142752528,0.0030782849062234163,0.6281000375747681,0.8355469107627869,,,0.00029385348898358643,0.0036826818250119686,0.7483000755310059,1.368749976158142,,,2.0967636219671494e-05,0.00033020796963614986,0.06048491997789861,0.270716616876109,,
179,0.000283837754977867,0.003336437434578935,0.6736000776290894,1.1470052202542622,,,0.0002764478849712759,0.002967434236779809,0.5867000818252563,0.8382812738418579,,,0.00028851779643446207,0.00385165773332119,0.7314000725746155,1.607812523841858,,,6.475188704591413e-06,0.0004598884412714959,0.0766135064344483,0.4066836569483684,,
180,0.0002737471368163824,0.0034997810143977404,0.6682000160217285,1.1542968948682149,,,0.0002618011785671115,0.003112519159913063,0.5715000033378601,0.8257812857627869,,,0.0002831789606716484,0.003932356834411621,0.7476000189781189,1.5984375476837158,,,1.0908393362021897e-05,0.0004117929937915254,0.08931557327562184,0.3990943344888812,,
181,0.00027073824700588983,0.0033715300572415194,0.6960333983103434,1.0549479325612385,,,0.00025201935204677284,0.0029814953450113535,0.6251000761985779,0.901171863079071,,,0.00028926433878950775,0.004001190420240164,0.7409000396728516,1.334375023841858,,,1.862324190802951e-05,0.0005504633057626412,0.06214508644393022,0.24239921427876676,,
182,0.0002728523783540974,0.003542852976048986,0.6874333818753561,1.0485677520434062,,,0.0002629273512866348,0.0031903372146189213,0.6258000731468201,0.772265613079071,,,0.00028648259467445314,0.004217309877276421,0.747700035572052,1.3195313215255737,,,1.2206911702582923e-05,0.0005842968300290363,0.06096147159723327,0.27367190969014354,,
183,0.00027444754960015416,0.003161902849872907,0.6940667231877645,1.0562500357627869,,,0.0002572540252003819,0.0028053473215550184,0.6281000971794128,0.904296875,,,0.0002923433785326779,0.003620471339672804,0.7293000221252441,1.3312500715255737,,,1.7555215836389503e-05,0.0004170273066129702,0.05717306399778104,0.23859517616938636,,
184,0.0002764500289534529,0.0033006285472462573,0.6842000484466553,1.058984398841858,,,0.00026122870622202754,0.003080404829233885,0.6330000758171082,0.9375,,,0.00029577192617580295,0.003565211081877351,0.7208999991416931,1.2960938215255737,,,1.7632910836286887e-05,0.00024542830747371013,0.04570872025328336,0.2053636818254421,,
185,0.0002868993809291472,0.0031441638711839914,0.6844000220298767,1.0962239702542622,,,0.00026770110707730055,0.0029997488018125296,0.6194000244140625,0.867968738079071,,,0.0002980656281579286,0.00339663028717041,0.7368000149726868,1.3859375715255737,,,1.669988394777635e-05,0.00021939701110987943,0.059705607225042624,0.26439700538101585,,
186,0.00028141024328457814,0.003583175983900825,0.6795333623886108,1.0816406607627869,,,0.000274620542768389,0.0031399161089211702,0.6055000424385071,0.9253906607627869,,,0.00029440721846185625,0.004114195238798857,0.7222000360488892,1.3796875476837158,,,1.1259477243116576e-05,0.0004930326939479257,0.06436320378732766,0.2582173178194326,,
187,0.0002749001238650332,0.003244295328234633,0.6844000617663065,1.0809895992279053,,,0.0002561936271376908,0.003171762218698859,0.6492000818252563,0.8578125238418579,,,0.00028530348208732903,0.0033329331781715155,0.7365000247955322,1.213281273841858,,,1.6234299971749162e-05,8.178350409388489e-05,0.04603832188447812,0.19438267698477874,,
188,0.00027373555349186063,0.0033175911909590163,0.6865000526110331,1.0694010655085247,,,0.00026741399778984487,0.003033681772649288,0.613099992275238,0.8324218988418579,,,0.00027910954668186605,0.003812790382653475,0.7524001002311707,1.364843726158142,,,5.905071719042874e-06,0.00043038945479459867,0.06995225273130873,0.2709829065591106,,
189,0.00027550389252913493,0.003291191610818108,0.6994000474611918,1.0634114742279053,,,0.0002634743577800691,0.0029041715897619724,0.6183000206947327,0.762499988079071,,,0.0002844305126927793,0.0039725531823933125,0.7763000726699829,1.4289063215255737,,,1.0817169979929727e-05,0.0005918931644645399,0.07908371587032792,0.3378647780064732,,
190,0.0002747699133275698,0.003335034397120277,0.69213338692983,1.017968753973643,,,0.00026533572236076,0.003067608689889312,0.6187000274658203,0.7417969107627869,,,0.00028743810253217816,0.003691805759444833,0.7666000723838806,1.302343726158142,,,1.1400564054556176e-05,0.0003215470105186831,0.07395543687682694,0.2803634276366789,,
191,0.00026830910549809534,0.003298115606109301,0.6851000587145487,1.0716146032015483,,,0.0002582557499408722,0.0029115616343915462,0.5928000807762146,0.839062511920929,,,0.00027819088427349925,0.0038449300918728113,0.7491000294685364,1.439843773841858,,,9.96867464405455e-06,0.00048688473340914714,0.08190290773398191,0.3225534584631015,,
192,0.00028057822297948104,0.003365405835211277,0.6835000316301981,1.0748698115348816,,,0.00027032120851799846,0.002882403554394841,0.6145000457763672,0.774218738079071,,,0.0002926196320913732,0.004204446449875832,0.7453000545501709,1.38671875,,,1.1255797247006386e-05,0.0007293982627823764,0.06569657657361973,0.3064035089328442,,
193,0.0002690487987517069,0.0034024230359743037,0.6979333758354187,1.0889323155085247,,,0.0002538258850108832,0.0033158729784190655,0.5893999934196472,0.7890625,,,0.00028082457720302045,0.0035743217449635267,0.764500081539154,1.6281250715255737,,,1.3825498229705231e-05,0.0001488698608123491,0.09479404876127077,0.46793493364357,,
194,0.00027874485628368956,0.003397939416269461,0.6827667355537415,1.060937523841858,,,0.000264999718638137,0.0031096029561012983,0.6379000544548035,0.9253906607627869,,,0.0002951174683403224,0.0039029126055538654,0.7136000990867615,1.2703125476837158,,,1.5229820357329672e-05,0.00043878657030528687,0.039753297860045965,0.18393130513995015,,
195,0.000277098190660278,0.003341997585569819,0.6836667060852051,1.089062511920929,,,0.00026390148559585214,0.0031610268633812666,0.610200047492981,0.930859386920929,,,0.00029072450706735253,0.0036822929978370667,0.7246000170707703,1.40234375,,,1.341667040082755e-05,0.0002949031423775056,0.06376246771982366,0.27131401000343347,,
196,0.00028226345117824775,0.003334116656333208,0.6958667039871216,1.0274739861488342,,,0.00027203551144339144,0.003074248554185033,0.6481000185012817,0.7945312857627869,,,0.0002905402216129005,0.0036125872284173965,0.7461000680923462,1.2546875476837158,,,9.405390520490124e-06,0.0002696510169818667,0.049046567744555486,0.2301316223821546,,
197,0.0002739729728394498,0.0032254576993485293,0.6835333903630575,1.1006510456403096,,,0.00026740110479295254,0.0030414576176553965,0.6180000305175781,0.8667969107627869,,,0.00028392093372531235,0.003338489681482315,0.7399000525474548,1.392187476158142,,,8.762116703948758e-06,0.00016073072233278456,0.06146482817212109,0.2674027804162942,,
198,0.0002698819055998077,0.0033552892661343017,0.700533390045166,1.0330729484558105,,,0.00026227423222735524,0.0028799292631447315,0.6344000697135925,0.7738281488418579,,,0.0002796865301206708,0.0040757181122899055,0.7636000514030457,1.3039063215255737,,,8.911620236677922e-06,0.0006344460547225731,0.06465455989398164,0.26522903039633944,,
199,0.00028231184114702046,0.0033472649132212005,0.6997666954994202,1.044140617052714,,,0.00027279253117740154,0.0030485480092465878,0.6586000323295593,0.82421875,,,0.000294991594273597,0.0036630744580179453,0.7624000310897827,1.25390625,,,1.1432012128163921e-05,0.00030761958298780297,0.05512915248997068,0.21502371667438383,,
200,0.0002705184160731733,0.0033783797019471726,0.6910333832105001,1.0803385376930237,,,0.00025855115382000804,0.00312410993501544,0.6007000803947449,0.776562511920929,,,0.0002900896652135998,0.0036746098194271326,0.7709000110626221,1.466406226158142,,,1.7089028283292187e-05,0.00027763831498537684,0.08558135055859607,0.35220736197549196,,
201,0.0002650213136803359,0.003529475691417853,0.693500022093455,1.0207031567891438,,,0.0002585127658676356,0.0030914857052266598,0.6392000317573547,0.823437511920929,,,0.00027626194059848785,0.004008677322417498,0.7427000403404236,1.2585937976837158,,,9.775107692591956e-06,0.0004599825164200804,0.051938138498181394,0.22040426716904143,,
202,0.0002833131681351612,0.003176302338639895,0.6978333989779154,1.041406253973643,,,0.00027195789152756333,0.0028843397740274668,0.6514000296592712,0.96484375,,,0.0003007725754287094,0.0035314857959747314,0.7289000749588013,1.181249976158142,,,1.5346556964156868e-05,0.0003281724461133294,0.040971523079571165,0.12129014021630005,,
203,0.0002705495959768693,0.0034557190568496785,0.6986333727836609,1.0464844107627869,,,0.0002579426218289882,0.003075735177844763,0.6283000111579895,0.7535156607627869,,,0.0002781162620522082,0.00401452649384737,0.7718000411987305,1.377343773841858,,,1.0990790192865119e-05,0.000494282998312074,0.07179195899225434,0.31363538159235077,,
204,0.00027074704606396455,0.0034353919327259064,0.6871333916982015,1.0769531726837158,,,0.0002653420378919691,0.0032260313164442778,0.620400071144104,0.8335937857627869,,,0.0002812311868183315,0.003714753547683358,0.7324000597000122,1.4054688215255737,,,9.080994121956646e-06,0.0002517686630391792,0.059005188229352704,0.2952946932141375,,
205,0.0002734122487405936,0.0034204078062127032,0.6866000493367513,1.0661458571751912,,,0.00026642114971764386,0.0031529127154499292,0.6225000619888306,0.828125,,,0.00028627924621105194,0.0038537431973963976,0.7403000593185425,1.3367187976837158,,,1.1157089047303163e-05,0.0003787058159562717,0.05958464139047947,0.2558547270573505,,
206,0.0002777934229622285,0.0033144453385223946,0.6937000354131063,1.0908854603767395,,,0.0002673182752914727,0.0032352309208363295,0.648900032043457,0.9117187857627869,,,0.0002852277539204806,0.0033568942453712225,0.7391000390052795,1.2531250715255737,,,9.333931695700586e-06,6.866052886894276e-05,0.04510299673168601,0.1713314247233984,,
207,0.0002713262219913304,0.0034234513683865466,0.6950000325838724,1.0563802520434062,,,0.0002636099234223366,0.0032216322142630816,0.6247000098228455,0.768750011920929,,,0.00027963731554336846,0.0037902602925896645,0.7640000581741333,1.3835937976837158,,,8.030234140684796e-06,0.0003181991373944123,0.06965912260537584,0.30932725191868804,,
208,0.0002678193850442767,0.0034095459462453923,0.6998333930969238,1.0065104365348816,,,0.00025375460973009467,0.003088918048888445,0.6390000581741333,0.872265636920929,,,0.0002845030394382775,0.004010151606053114,0.7306000590324402,1.2546875476837158,,,1.5540604174413522e-05,0.0005205367204259217,0.05268437602651465,0.2151675118753438,,
209,0.00027878723146083456,0.0032330408381919065,0.6743000348409017,1.1144531567891438,,,0.0002687406085897237,0.0030389735475182533,0.6258999705314636,0.86328125,,,0.0002852022589650005,0.0035286443307995796,0.7227000594139099,1.3601562976837158,,,8.811234133274086e-06,0.0002601472068411007,0.04840004444123538,0.24848266298271382,,
210,0.00027732178568840027,0.0034186209086328745,0.675100048383077,1.1295572916666667,,,0.00027034973027184606,0.003169106552377343,0.620400071144104,0.94140625,,,0.00028819593717344105,0.003832619171589613,0.7143000364303589,1.346093773841858,,,9.541569079004144e-06,0.00036104496345503866,0.048831220739367895,0.20383154297841347,,
211,0.00027702270502535004,0.0034676375798881054,0.6945667068163554,1.047656277815501,,,0.0002738980983849615,0.0030513147357851267,0.6425999999046326,0.9644531607627869,,,0.00028015481075271964,0.004155764356255531,0.7343000173568726,1.2039062976837158,,,3.1283629249886634e-06,0.0006003001534525186,0.0470581054683096,0.13541173768739995,,
212,0.000275130063528195,0.0032375366427004337,0.6897667249043783,1.0518229405085247,,,0.00027100578881800175,0.003099715104326606,0.6088000535964966,0.810546875,,,0.0002798960485961288,0.003367470810189843,0.7384000420570374,1.4328125715255737,,,4.479734798854684e-06,0.00013405199539798503,0.07059124305066715,0.3338316335496727,,
213,0.00027417556460325915,0.00348447208913664,0.6983333826065063,1.0177083412806194,,,0.00026631049695424736,0.003196709556505084,0.6358000636100769,0.876171886920929,,,0.00028024823404848576,0.004026335664093494,0.7344000339508057,1.298437476158142,,,7.139653165086287e-06,0.00046956934991668306,0.05436774696687716,0.24312138675107797,,
214,0.00026710450765676796,0.003386755706742406,0.6861000855763754,1.083593765894572,,,0.0002444030251353979,0.002984937047585845,0.6297000646591187,0.8929687738418579,,,0.00029135055956430733,0.004165607504546642,0.7308000922203064,1.337499976158142,,,2.3511848463698628e-05,0.0006746192798266978,0.051555520012072885,0.22892221799527843,,
215,0.0002684663437927763,0.0032962701904277005,0.6879666845003763,1.072656253973643,,,0.0002608644135762006,0.003081614151597023,0.6186000108718872,0.8441406488418579,,,0.0002774172753561288,0.00369514268822968,0.7332000732421875,1.39453125,,,8.358478435191204e-06,0.00034576884494210347,0.06099266475065138,0.2868264899934443,,
216,0.00027253756222004694,0.0031561920574555793,0.6796333988507589,1.071484386920929,,,0.00025684971478767693,0.002969526220113039,0.6419000625610352,0.936718761920929,,,0.0002946130116470158,0.0033851712942123413,0.6994000673294067,1.271875023841858,,,1.9675307922690598e-05,0.000211028492704763,0.03269041910508108,0.17695313396043352,,
217,0.0002760063798632473,0.003279062065606316,0.6712667147318522,1.1234375437100728,,,0.00026403108495287597,0.00296949059702456,0.6074000597000122,0.8941406607627869,,,0.0002855056955013424,0.00350570073351264,0.7189000248908997,1.4757813215255737,,,1.0949318680613533e-05,0.00027755848877136606,0.05749523174761141,0.3097287011493688,,
218,0.0002717633615247905,0.003457616704205672,0.6867000659306844,1.0507812698682149,,,0.0002528652548789978,0.002983132842928171,0.6410000920295715,0.9410156607627869,,,0.00028935258160345256,0.004175188485532999,0.7163000702857971,1.252343773841858,,,1.8278844080206192e-05,0.0006321138872245376,0.0401488286987754,0.17478930438939416,,
219,0.00027310515482289094,0.003220908110961318,0.7043667038281759,1.0180989901224773,,,0.0002529171179048717,0.002922618295997381,0.6261000037193298,0.799609363079071,,,0.00029288040241226554,0.0036447758320719004,0.7518000602722168,1.3664063215255737,,,1.998483983991636e-05,0.00037710109335751987,0.06828724160129568,0.3048838718265802,,
220,0.000270225233786429,0.0031535624681661525,0.6922000845273336,1.0342448155085247,,,0.00025704590370878577,0.0029811651911586523,0.6288000345230103,0.875781238079071,,,0.00028238241793587804,0.0033560115844011307,0.7259001135826111,1.2843750715255737,,,1.269914662561249e-05,0.00018922153527661513,0.05494246783341192,0.21917872879248174,,
221,0.0002746688842307776,0.0032018655134985843,0.6941667199134827,1.0794271032015483,,,0.0002658687299117446,0.0029841617215424776,0.6240000128746033,0.811718761920929,,,0.0002846014394890517,0.0034874295815825462,0.7596001029014587,1.3820313215255737,,,9.417555465317358e-06,0.0002584054905462325,0.06792384979704089,0.2867531962972196,,
222,0.0002693420198435585,0.0033165440739442906,0.6982000470161438,1.0721354285875957,,,0.00026319571770727634,0.00315416743978858,0.6276000738143921,0.760937511920929,,,0.0002786186523735523,0.0035379743203520775,0.775600016117096,1.3953125476837158,,,8.174102685335002e-06,0.00019860117631067715,0.07423392545576972,0.31735712922178644,,
223,0.00026558383251540363,0.00334251974709332,0.6982000470161438,1.0610677401224773,,,0.00024793524062260985,0.0031279362738132477,0.6177000403404236,0.8335937857627869,,,0.0002745231904555112,0.0036575710400938988,0.7593000531196594,1.4250000715255737,,,1.5284562018951876e-05,0.00027874465647404644,0.07276613856335302,0.3184431114169752,,
224,0.0002825573804633071,0.003288374204809467,0.7021333575248718,1.037499984105428,,,0.0002756581816356629,0.003171235788613558,0.6304000020027161,0.795703113079071,,,0.00028929475229233503,0.0035129175521433353,0.7578000426292419,1.333593726158142,,,6.819725493134869e-06,0.00019452113331658083,0.06520196324993154,0.27302507313813573,,
225,0.00028057034554270405,0.003508520545437932,0.7080333431561788,1.0009114543596904,,,0.00026613572845235467,0.0032168955076485872,0.6448000073432922,0.830078125,,,0.00029349917895160615,0.003887041937559843,0.7523000240325928,1.23828125,,,1.3743731086489262e-05,0.00034341999312491783,0.05620377119606288,0.2120796402858497,,
226,0.000273553441123416,0.003253863425925374,0.6852333943049113,1.0598958134651184,,,0.0002651102840900421,0.003114862833172083,0.6338000297546387,0.795703113079071,,,0.0002866536960937083,0.003375065280124545,0.7494000792503357,1.263281226158142,,,1.1502002916251744e-05,0.00013101116238931957,0.05884255218008556,0.2396465473047395,,
227,0.0002717094127244006,0.003205331275239587,0.6869333982467651,1.0904948314030964,,,0.0002617926802486181,0.002885582856833935,0.6319000124931335,0.8597656488418579,,,0.00029065788839943707,0.003753935918211937,0.7304000854492188,1.3718750476837158,,,1.64158261842187e-05,0.0004772741753367024,0.05025840705413268,0.2597848234754557,,
228,0.0002774750367583086,0.0034827522467821836,0.7004333734512329,1.0454427401224773,,,0.00026020011864602566,0.003175146412104368,0.5943000316619873,0.7738281488418579,,,0.00029214611276984215,0.004097547382116318,0.7693000435829163,1.4851562976837158,,,1.6131386499738818e-05,0.0005324282460557807,0.09326228956767968,0.38430441147891564,,
229,0.0002744209486991167,0.003411367069929838,0.6880667010943095,1.067578136920929,,,0.0002587153285276145,0.0029959208332002163,0.6064000129699707,0.848828136920929,,,0.00028687642770819366,0.0037556129973381758,0.7335000038146973,1.478906273841858,,,1.435912392684083e-05,0.0003848183455849513,0.07087485859990009,0.3564608937476722,,
230,0.00027339725056663156,0.00337355708082517,0.6761667331059774,1.0901041825612385,,,0.00025686429580673575,0.003174929181113839,0.628800094127655,0.9496093988418579,,,0.0002879361272789538,0.003746846690773964,0.7118000388145447,1.259374976158142,,,1.563160062835348e-05,0.0003235003002027455,0.04272588251541495,0.15687486185133734,,
231,0.000267540046479553,0.003272244008257985,0.6997333566347758,1.024218757947286,,,0.0002476592781022191,0.002997055184096098,0.6260000467300415,0.8148437738418579,,,0.0002820967638399452,0.0035461599472910166,0.7529999613761902,1.3359375,,,1.7825382055015543e-05,0.0002745545946041522,0.06592730159208673,0.2752096500005472,,
232,0.0002717138462079068,0.003319848251218597,0.6972333788871765,1.0205729405085247,,,0.00025957857724279165,0.002840163419023156,0.6365000605583191,0.878125011920929,,,0.0002864097768906504,0.003878533374518156,0.7339000105857849,1.267968773841858,,,1.3597649060036429e-05,0.0005236733959392758,0.052972555350456384,0.2150699577115684,,
233,0.0002683596103452146,0.00331338324273626,0.7130333781242371,0.9524739583333334,,,0.000263747206190601,0.0031881581526249647,0.6498000025749207,0.747265636920929,,,0.00027418031822890043,0.0035207453183829784,0.7585000395774841,1.232031226158142,,,5.320475084726414e-06,0.00018086851301808127,0.056485985947120274,0.25078924119986,,
234,0.00025980886615191895,0.0033836509877194962,0.6830000480016073,1.0856771071751912,,,0.0002496972738299519,0.0030852912459522486,0.6117000579833984,0.9390625357627869,,,0.0002667857042979449,0.0038949111476540565,0.719200074672699,1.37109375,,,8.965133951734541e-06,0.00044482135442194527,0.06175005236659072,0.2472089274077715,,
235,0.0002793996148587515,0.0031443037247906127,0.6943333943684896,0.9904948075612386,,,0.0002725641243159771,0.0029662693850696087,0.6393000483512878,0.83984375,,,0.0002844555419869721,0.0033705108799040318,0.7280001044273376,1.2273437976837158,,,6.1421973280192495e-06,0.00020638135003826284,0.04805543503191085,0.20763341354920306,,
236,0.00028131515136919916,0.003277521270016829,0.6984333395957947,1.029687523841858,,,0.00026654062094166875,0.002936252159997821,0.6195000410079956,0.8511719107627869,,,0.00029216796974651515,0.003732002340257168,0.7379000186920166,1.326562523841858,,,1.3256135211475225e-05,0.0004097771324739374,0.06835824178154284,0.25885472200666415,,
237,0.00027602895473440486,0.0032542974998553595,0.6940667231877645,1.0115885734558105,,,0.00025897499290294945,0.003189141396433115,0.6286000609397888,0.796093761920929,,,0.0002898000821005553,0.003358492162078619,0.7457000613212585,1.3234375715255737,,,1.5672564646701417e-05,9.11752557502574e-05,0.05976305852595964,0.27656097036491617,,
238,0.00027190645535786945,0.003423630337541302,0.696600059668223,1.0380208293596904,,,0.00025219362578354776,0.003159618703648448,0.6203000545501709,0.792187511920929,,,0.00028493418358266354,0.0038256326224654913,0.7565000653266907,1.360937476158142,,,1.7363869565549103e-05,0.00035380036721793773,0.06956529824982284,0.29210530670263196,,
239,0.00026824390321659547,0.0034303582118203244,0.6706666747728983,1.1149740020434062,,,0.00026094677741639316,0.0031936366576701403,0.6098999977111816,0.9253906607627869,,,0.0002723635407164693,0.0038037586491554976,0.713200032711029,1.3781250715255737,,,6.33702966590298e-06,0.00032722018421093245,0.05400985791908104,0.23516221985415645,,
240,0.0002714535124444713,0.00326971096607546,0.6884333690007528,1.0690104365348816,,,0.00026101581170223653,0.0030476104002445936,0.5963000655174255,0.813281238079071,,,0.00028781950823031366,0.0035250987857580185,0.756600022315979,1.4484375715255737,,,1.4351586967487597e-05,0.00024047831612599604,0.08279383598804096,0.33515933017975486,,
241,0.00026593813284610707,0.0032586013743033013,0.6972667177518209,1.0501302083333333,,,0.00025902787456288934,0.0028303442522883415,0.6233000755310059,0.860156238079071,,,0.000274367950623855,0.0036203726194798946,0.741599977016449,1.37890625,,,7.782112771099856e-06,0.00039918853203225,0.06447728058733099,0.28587568100185023,,
242,0.00027102168921070796,0.003490195764849583,0.6696333686510721,1.1348958412806194,,,0.0002496743109077215,0.0030943090096116066,0.5973000526428223,0.9488281607627869,,,0.00029568487661890686,0.004199115559458733,0.7111000418663025,1.4609375,,,2.3183808612531366e-05,0.0006153386392465072,0.06286629951571793,0.2832993642133166,,
243,0.0002734547500343372,0.0033636351581662893,0.7053333520889282,1.0177083611488342,,,0.0002700192271731794,0.002905612112954259,0.6455000042915344,0.8363281488418579,,,0.0002767623809631914,0.0038491948507726192,0.7497000098228455,1.275781273841858,,,3.3733956214324445e-06,0.0004723936874996179,0.053794276315617874,0.2295453985325004,,
244,0.00027019920526072383,0.0033966120487699905,0.6896000504493713,1.0727864503860474,,,0.000266062852460891,0.00319424900226295,0.6101000308990479,0.899218738079071,,,0.0002777200425043702,0.0037886956706643105,0.7324000597000122,1.403906226158142,,,6.5240762672013324e-06,0.00033961321078151464,0.06891656062353073,0.2868699264169706,,
245,0.00027985011305039126,0.0033584145518640676,0.6887333790461222,1.0720052321751912,,,0.0002687096130102873,0.003129996359348297,0.6046000719070435,0.817578136920929,,,0.00028604717226698995,0.0037857128772884607,0.7462000250816345,1.443750023841858,,,9.668295900857776e-06,0.00037034580924347817,0.07447126825542147,0.3291586082896268,,
246,0.00028653139209685224,0.0034068825965126357,0.7138667106628418,0.9769531091054281,,,0.0002788754354696721,0.003128734650090337,0.6528000235557556,0.799609363079071,,,0.0003001597651746124,0.0038656762335449457,0.7571000456809998,1.267187476158142,,,1.1832497261420338e-05,0.0004003065993811775,0.05438883147188736,0.25340785740468574,,
247,0.0002725104277487844,0.0030923887776831784,0.6837666829427084,1.0865885814030964,,,0.0002637073921505362,0.002817479195073247,0.6234000325202942,0.923046886920929,,,0.00028979446506127715,0.003492156509310007,0.7165000438690186,1.3390625715255737,,,1.4969281406278068e-05,0.00035424502483221446,0.05234120790127762,0.22180842491925187,,
248,0.00027959288369553786,0.003226321656256914,0.6886333624521891,1.0776041746139526,,,0.00025934603763744235,0.00292955688200891,0.594700038433075,0.7886719107627869,,,0.0002946899621747434,0.0035708402283489704,0.744100034236908,1.528906226158142,,,1.822603440170262e-05,0.0003232976979189217,0.08179151659639136,0.3959288716282455,,
249,0.00027453299844637513,0.003438693626473347,0.6964000264803568,1.0407551924387615,,,0.0002710371627472341,0.0030565152410417795,0.6271000504493713,0.838671863079071,,,0.00027782373945228755,0.003939344082027674,0.7498000264167786,1.321874976158142,,,3.3979337424803375e-06,0.0004531814362576022,0.06287629088500969,0.25111030038737947,,
