,Encoder/train_loss,Encoder/val_loss,Encoder/1step_val_acc,Encoder/1step_val_loss,Encoder/train_loss,Encoder/val_loss,Encoder/1step_val_acc,Encoder/1step_val_loss,Encoder/train_loss,Encoder/val_loss,Encoder/1step_val_acc,Encoder/1step_val_loss,Encoder/train_loss,Encoder/val_loss,Encoder/1step_val_acc,Encoder/1step_val_loss
,mean,mean,mean,mean,min,min,min,min,max,max,max,max,std,std,std,std
step,,,,,,,,,,,,,,,,
0,0.08390287458896636,0.07518758475780488,0.12992187589406967,28.355820846557616,0.08161693066358566,0.07156100869178772,0.09794922173023224,16.598241806030273,0.08864224702119827,0.08108130842447281,0.21708984673023224,36.411720275878906,0.002937967638181162,0.0038249568173045114,0.050171539790545304,7.675952794871649
1,0.07620065212249756,0.0761385753750801,0.16513672173023225,21.78027400970459,0.0749494656920433,0.07316700369119644,0.12138672173023224,15.792773246765137,0.07757625728845596,0.07937823235988617,0.19404296576976776,27.172657012939453,0.0010724000607085639,0.002889476801767464,0.027972590288069175,4.261764757588127
2,0.07513070702552796,0.07455383390188217,0.14291015565395354,22.257149124145506,0.07466370612382889,0.0731687992811203,0.10849609225988388,9.833788871765137,0.07572389394044876,0.0754762589931488,0.18183593451976776,40.41250228881836,0.00038684599191744784,0.0009886628707669297,0.03452017917869416,12.16899428644655
3,0.0750942662358284,0.07341321855783463,0.3191796988248825,7.271132898330689,0.07407146692276001,0.07099854946136475,0.21669922769069672,3.7396485805511475,0.07581718266010284,0.07471738755702972,0.45751953125,10.194726943969727,0.0008338189912918529,0.0014959420138646417,0.10186950010859756,2.8799579965083653
4,0.07313007563352585,0.07138201594352722,0.43554688692092897,2.8489599943161013,0.07227842509746552,0.0695950835943222,0.22080078721046448,1.4071778059005737,0.07389818131923676,0.0732567235827446,0.5411133170127869,5.71875,0.0006509613569985224,0.00139067645066611,0.12875638936751485,1.7551395859597836
5,0.07323253154754639,0.07230245172977448,0.5439062714576721,1.5217480659484863,0.07140099257230759,0.07036812603473663,0.45625001192092896,1.2704590559005737,0.0744844451546669,0.07356200367212296,0.5923828482627869,1.778845191001892,0.001227259468171877,0.0012039549311092395,0.05262202977756599,0.18555827008089923
6,0.07176489681005478,0.06990691721439361,0.5186718881130219,1.5502881050109862,0.06959690898656845,0.06772793084383011,0.4737304747104645,1.356103539466858,0.0733107402920723,0.0726398155093193,0.5843750238418579,1.7025635242462158,0.0013696155788897441,0.0021184403066556302,0.042531369893869124,0.1284703788992896
7,0.06916862875223159,0.0716391459107399,0.5061328172683716,1.5226611614227294,0.06879057735204697,0.0661575123667717,0.4286132752895355,1.4322022199630737,0.06981252133846283,0.07420922815799713,0.576171875,1.7190430164337158,0.0004312556173959506,0.0035059400361579967,0.05333432509004564,0.1191878750900127
8,0.06964806616306304,0.06833866983652115,0.5150000154972076,1.489304208755493,0.06702202558517456,0.06662800908088684,0.46845704317092896,1.214819312095642,0.07408493757247925,0.07206818461418152,0.6036133170127869,1.605371117591858,0.0027370077768773524,0.0021564548701619173,0.05227213785747257,0.16048184527010032
9,0.06715471446514129,0.06673597246408462,0.5183007955551148,1.4471417188644409,0.06491179019212723,0.06362304836511612,0.4637695252895355,1.0985015630722046,0.06901373714208603,0.06907778233289719,0.6346679925918579,1.61865234375,0.0014931891901320807,0.002556642435816402,0.06993431204425128,0.2065949992417225
10,0.06471482962369919,0.0647089198231697,0.5722656488418579,1.309152865409851,0.06158904731273651,0.0626584142446518,0.539257824420929,1.121679663658142,0.06651882827281952,0.06761473417282104,0.652050793170929,1.46044921875,0.0019245539497172975,0.0020302162490227504,0.04632308974687954,0.12593264100484272
11,0.06362070143222809,0.061957473307847975,0.5783007979393006,1.2633057117462159,0.061245113611221313,0.057363756000995636,0.525390625,0.9765869379043579,0.06496082246303558,0.06458856165409088,0.6708984375,1.4326905012130737,0.0015925876148927063,0.0029372750977027713,0.0550317995108247,0.17488333350772742
12,0.06076606810092926,0.05866771265864372,0.6399609446525574,1.0757238745689393,0.054581183940172195,0.053895846009254456,0.55322265625,0.842425525188446,0.0656505897641182,0.06111009046435356,0.734082043170929,1.2965087890625,0.004069309918526437,0.002910952366704771,0.0672824783442872,0.17747637920297704
13,0.05900874063372612,0.05834811702370644,0.6736718773841858,0.990866732597351,0.054944735020399094,0.057055965065956116,0.6434570550918579,0.8251709342002869,0.06190898269414902,0.05920461565256119,0.740527331829071,1.1080200672149658,0.00292588582895024,0.0008948551762151139,0.03895355096071393,0.11077138778971245
14,0.056258051097393035,0.05659981369972229,0.7091406226158142,0.8595959544181824,0.05153200775384903,0.05142822489142418,0.677539050579071,0.682025134563446,0.05825075879693031,0.06176289543509483,0.775195300579071,0.9510742425918579,0.002751359941789617,0.00429708405872334,0.03840589200804894,0.10435222698329605
15,0.05490495786070824,0.054302047938108444,0.7401172041893005,0.7662146091461182,0.05140717327594757,0.05209023132920265,0.7134765982627869,0.634783923625946,0.05804161727428436,0.0564391128718853,0.78076171875,0.83984375,0.002572731147881717,0.001996434357991744,0.02590480761298835,0.0785112695695219
16,0.05296600013971329,0.05125215873122215,0.7545703291893006,0.7264306664466857,0.04858419671654701,0.04706733673810959,0.719433605670929,0.605969250202179,0.05617143213748932,0.05435214936733246,0.805371105670929,0.814501941204071,0.003232290357913739,0.003187498944809868,0.03298478703502096,0.0879886993950228
17,0.05077408030629158,0.05144139379262924,0.7754297137260437,0.6668591260910034,0.049678634852170944,0.04647432267665863,0.7471680045127869,0.590106189250946,0.05282041057944298,0.0567176416516304,0.8125976920127869,0.7309814691543579,0.0011993691413940005,0.0037072583767461254,0.024577348912426408,0.052563397532373206
18,0.04822863042354584,0.05009421557188034,0.7732226729393006,0.6635888814926147,0.04670972749590874,0.04719870910048485,0.754687488079071,0.608746349811554,0.04980125650763512,0.0556417815387249,0.7935547232627869,0.738293468952179,0.0013680005977032292,0.003344248604021574,0.018478528631026298,0.053528977258975166
19,0.04761098325252533,0.04582165703177452,0.7949023485183716,0.605676281452179,0.0465812012553215,0.043567705899477005,0.7607421875,0.530548095703125,0.049311526119709015,0.04976948723196983,0.830371081829071,0.706469714641571,0.0010134725118479723,0.0025240051120916634,0.026329575775554705,0.06930781840802595
20,0.04715092927217483,0.04546886831521988,0.79111328125,0.620831310749054,0.04545130953192711,0.04261336475610733,0.755566418170929,0.54779052734375,0.04836530610918999,0.048018068075180054,0.813769519329071,0.738232433795929,0.0013654048420982316,0.0021660567106455628,0.023151221256589315,0.07798008500309815
21,0.045725774765014646,0.04403231292963028,0.8022070407867432,0.5930810689926147,0.04479757696390152,0.03828217461705208,0.7730469107627869,0.501629650592804,0.04750658571720123,0.05206450819969177,0.826171875,0.691174328327179,0.0010810366316979843,0.005253790082036331,0.020232117452292194,0.07034162180135442
22,0.043848539143800734,0.04329741597175598,0.8207226634025574,0.5250695884227753,0.04114880412817001,0.039588071405887604,0.794921875,0.449453741312027,0.04555458575487137,0.045504938811063766,0.849902331829071,0.6068115234375,0.0016756124809965136,0.00243573485924413,0.023885625990570095,0.067823708260927
23,0.04335085153579712,0.04153107553720474,0.8137890696525574,0.5473413169384003,0.04150354862213135,0.03840608522295952,0.787109375,0.44566041231155396,0.0451270267367363,0.044710807502269745,0.852246105670929,0.638287365436554,0.0017277838476559726,0.0025922306992185373,0.026367492996321577,0.08007847788218517
24,0.04215325266122818,0.039618344604969026,0.8325195550918579,0.5101873815059662,0.0402749702334404,0.038551364094018936,0.8213867545127869,0.4232116639614105,0.0450911708176136,0.04244806990027428,0.860058605670929,0.549774169921875,0.0019007542345530802,0.001623880317771162,0.015590316566902166,0.04976021457886725
25,0.04197275787591934,0.04163283333182335,0.8334765672683716,0.5051928758621216,0.039874836802482605,0.037716660648584366,0.82080078125,0.4293456971645355,0.04705262929201126,0.046796876937150955,0.858105480670929,0.5534424185752869,0.002913633468413233,0.003419465522375502,0.016593578768054753,0.051927199682829564
26,0.040414801239967345,0.04198128804564476,0.8474218845367432,0.46103394627571104,0.03721334785223007,0.038800518959760666,0.819042980670929,0.41502687335014343,0.04216962680220604,0.04443170502781868,0.86083984375,0.565014660358429,0.0020171828405713007,0.002021165643554218,0.016303854649224254,0.059687451963222476
27,0.04008038714528084,0.03819576352834701,0.8413086056709289,0.47720642685890197,0.038487061858177185,0.036004193127155304,0.8301758170127869,0.4284118711948395,0.04214676842093468,0.04162861406803131,0.859375,0.496124267578125,0.0013271712031166847,0.0021191025979065137,0.011793975929784694,0.028224537350955873
28,0.039616857469081876,0.03564254492521286,0.8524804830551147,0.4462231457233429,0.037128519266843796,0.03239225596189499,0.83154296875,0.3799682557582855,0.04216255247592926,0.03819955140352249,0.87451171875,0.519775390625,0.0018137148391372628,0.0023887477718668618,0.015960542535901824,0.053955961176836716
29,0.03716008737683296,0.03928922191262245,0.8535742402076721,0.44233704209327696,0.035258062183856964,0.03641381114721298,0.826464831829071,0.34506532549858093,0.03953200951218605,0.04257166385650635,0.8912109732627869,0.509655773639679,0.0017422870242974134,0.002868173519779777,0.02373516521467987,0.06266365056813916
30,0.03848891928792,0.038354898989200595,0.8652929782867431,0.4174920737743378,0.03778351843357086,0.03616240993142128,0.8526367545127869,0.332876592874527,0.03911324962973595,0.040359318256378174,0.892773449420929,0.46280214190483093,0.0005770884279457887,0.001774986638624571,0.016337456044009203,0.05082351161181416
31,0.03741638958454132,0.036271007359027864,0.8627148628234863,0.415155029296875,0.034552402794361115,0.03371104225516319,0.8490234613418579,0.3900085389614105,0.03924340754747391,0.03904836252331734,0.8705078363418579,0.464874267578125,0.0022108729580289353,0.00229382459586995,0.008557439599830427,0.029273291792212604
32,0.036125851422548295,0.03681902959942818,0.8554882884025574,0.43368653655052186,0.03485613688826561,0.032716527581214905,0.840039074420929,0.38640138506889343,0.03807786852121353,0.04080844298005104,0.87158203125,0.48731690645217896,0.0012403389242759111,0.002866365601860543,0.011853749555714228,0.037873230196674046
33,0.036448334157466886,0.037601839005947116,0.8567578196525574,0.43461060523986816,0.034230757504701614,0.03337043896317482,0.830859363079071,0.38880616426467896,0.03868934512138367,0.041257377713918686,0.872851550579071,0.5231689810752869,0.0018880831495564673,0.0030275156792195176,0.015844925069542153,0.052102420982780735
34,0.0353140577673912,0.037214460968971255,0.8486523628234863,0.4546582043170929,0.03257876634597778,0.03443150967359543,0.832714855670929,0.418060302734375,0.0380052886903286,0.04189407452940941,0.8607422113418579,0.4782165586948395,0.0019516570226288466,0.002979565188186724,0.01086585344428745,0.02442750703218118
35,0.03630854934453964,0.036286992579698564,0.8678515911102295,0.41091187596321105,0.03514653071761131,0.03494900092482567,0.8414062857627869,0.37100526690483093,0.037817198783159256,0.039500657469034195,0.8817383050918579,0.47899171710014343,0.0009962994336055052,0.0018767218013155346,0.01640935654832486,0.04737658441213641
36,0.03540362343192101,0.034415248036384585,0.8695898652076721,0.40366517305374144,0.034242987632751465,0.03281410411000252,0.8375000357627869,0.34646913409233093,0.036362793296575546,0.036557938903570175,0.890625,0.502178966999054,0.0008405964381178331,0.0014400874307008698,0.022173073861908178,0.060324852359524214
37,0.03337483108043671,0.031533832848072055,0.8797265768051148,0.3742095947265625,0.031462639570236206,0.030164223164319992,0.8599609732627869,0.33965760469436646,0.03549974411725998,0.03363471105694771,0.890429675579071,0.435769647359848,0.0014436412133222015,0.0014277395702471927,0.011539260075656371,0.03669947727156836
38,0.032745225727558135,0.0311952356249094,0.8674023509025574,0.4046264708042145,0.031743209809064865,0.028601299971342087,0.830371081829071,0.325509637594223,0.033341504633426666,0.03358671814203262,0.898144543170929,0.5082672238349915,0.0006944252309729012,0.0022374857654961526,0.024956615310533028,0.0659238335350298
39,0.033495038747787476,0.03309663906693459,0.8582617282867432,0.4275538742542267,0.031652163714170456,0.030576612800359726,0.8421875238418579,0.3792785704135895,0.03554501011967659,0.03560565784573555,0.87548828125,0.47050783038139343,0.0014402598047243847,0.0022220422933716863,0.015671566008211,0.041699212257547504
40,0.03347597569227219,0.03307986445724964,0.8671484351158142,0.3992376744747162,0.03256872668862343,0.031161708757281303,0.83984375,0.332427978515625,0.03435792028903961,0.036152441054582596,0.889453113079071,0.45234376192092896,0.0006341685085869133,0.0020114047632091457,0.019625084905970966,0.05238450070984435
41,0.03194081075489521,0.03224678821861744,0.8587499976158142,0.42325989007949827,0.029638441279530525,0.03075641766190529,0.829882800579071,0.3473968505859375,0.03373206779360771,0.034160442650318146,0.8853515982627869,0.47944948077201843,0.001645630637483297,0.0014444993948396578,0.02016651607844941,0.05436315341997978
42,0.031872041150927545,0.03332377411425114,0.8745312690734863,0.3936550974845886,0.02940444089472294,0.02860584296286106,0.866894543170929,0.3752380311489105,0.03333419933915138,0.03508602827787399,0.881054699420929,0.4342148005962372,0.0015439348698283709,0.0026845496716137954,0.005176426413211511,0.02427941707011402
43,0.03398671448230743,0.032115787267684937,0.868222689628601,0.40210266709327697,0.03329404816031456,0.029020272195339203,0.8331055045127869,0.352914422750473,0.034590549767017365,0.033991627395153046,0.8902344107627869,0.5250244140625,0.00047888332182635863,0.0018447894916743832,0.022524177549304854,0.07056513231986009
44,0.031701480969786644,0.03168663270771503,0.8751757979393006,0.3903631687164307,0.02877821773290634,0.029671533033251762,0.847363293170929,0.30780336260795593,0.03436467424035072,0.034847062081098557,0.9017578363418579,0.483206182718277,0.0023273292516623545,0.00205450776700228,0.019483760426843973,0.06235214315330744
45,0.03128227666020393,0.03124477155506611,0.8693750023841857,0.3942114353179932,0.029734443873167038,0.027103925123810768,0.842480480670929,0.3564209043979645,0.032115429639816284,0.03590727597475052,0.889453113079071,0.4748687744140625,0.0009162725463752083,0.0036969102641278982,0.017357630615455266,0.047518383457492715
46,0.032503997534513475,0.03344956114888191,0.8765429973602294,0.3748254418373108,0.03093096986413002,0.030993148684501648,0.8661133050918579,0.317984014749527,0.035318806767463684,0.03609370440244675,0.8993164300918579,0.426300048828125,0.0016542353287070752,0.002379303022646741,0.013549850614144985,0.04551568336965366
47,0.03092728666961193,0.03052583374083042,0.8811914086341858,0.3741564989089966,0.029477236792445183,0.027198977768421173,0.867968738079071,0.31770631670951843,0.032479967921972275,0.03536812588572502,0.89990234375,0.42988893389701843,0.0013414704198051353,0.003357546286286431,0.014562014985328381,0.047876190235329796
48,0.03055759035050869,0.03139501698315143,0.8679492235183716,0.4014915466308594,0.028657475486397743,0.02726137824356556,0.844531238079071,0.3361625671386719,0.03301591798663139,0.03472965955734253,0.8873047232627869,0.489785760641098,0.0015769474177514565,0.0035248981242818555,0.015861631087490734,0.055513228239781776
49,0.029577914252877237,0.03130047097802162,0.884082043170929,0.35975815653800963,0.028550127521157265,0.028187816962599754,0.85791015625,0.315316766500473,0.030579546466469765,0.035338353365659714,0.90185546875,0.45342713594436646,0.0007663248569059432,0.002618062455502264,0.01644152989472734,0.054135374235908675
50,0.030818001925945283,0.03142737857997417,0.8808398723602295,0.37106690406799314,0.028807507827878,0.02884812280535698,0.8711914420127869,0.32850953936576843,0.03391386941075325,0.035154636949300766,0.8946289420127869,0.41890260577201843,0.002206029110645669,0.0029320163296751417,0.01057878360198608,0.034584058561993036
51,0.03093388266861439,0.03167798444628715,0.8729296922683716,0.38997070789337157,0.02916763909161091,0.029695918783545494,0.8631836175918579,0.356353759765625,0.03370943292975426,0.034167226403951645,0.884472668170929,0.43661805987358093,0.0019530260266516163,0.002049149084280295,0.007622003874235552,0.03291225669920944
52,0.029327689111232756,0.029743896424770357,0.8783593893051147,0.3869931101799011,0.02806180529296398,0.027041593566536903,0.868945300579071,0.35454103350639343,0.03098156675696373,0.030973106622695923,0.8912109732627869,0.418783575296402,0.001080626002795395,0.0015729760657604887,0.008519819677290763,0.023396817082571842
53,0.0300769180059433,0.029283098876476288,0.8786328196525574,0.37575379610061643,0.029042985290288925,0.02628297172486782,0.8515625,0.30728456377983093,0.032103486359119415,0.03133160248398781,0.901171863079071,0.45817261934280396,0.0012561101424106752,0.0020950340519478336,0.020026714286564735,0.05717291119752653
54,0.028875890374183654,0.029254386201500893,0.8811132907867432,0.36865234971046446,0.027320316061377525,0.026552321389317513,0.857421875,0.3114379942417145,0.031312864273786545,0.033732883632183075,0.896679699420929,0.44693300127983093,0.0017269023916801844,0.0028653984122233487,0.014756381254739487,0.05047834121609272
55,0.029898916184902192,0.0311038576066494,0.8882812619209289,0.3471206724643707,0.02773316018283367,0.02675684168934822,0.8658203482627869,0.2977554500102997,0.03179144114255905,0.035851333290338516,0.9052734375,0.4185791015625,0.0015494068395492844,0.0036447930156588005,0.014462181424240701,0.04456166756613817
56,0.029841883480548857,0.029187968373298644,0.8720507860183716,0.39453675150871276,0.02881489135324955,0.027949975803494453,0.845996081829071,0.316824346780777,0.030767863616347313,0.030289998278021812,0.893750011920929,0.5166992545127869,0.0007355441553792122,0.0010343456830810326,0.019498931703126807,0.07836576229003939
57,0.02965574637055397,0.02979912720620632,0.8769531488418579,0.3744336009025574,0.028814397752285004,0.026544859632849693,0.8553711175918579,0.312612920999527,0.030104735866189003,0.032749541103839874,0.89208984375,0.44920656085014343,0.0005118926767597668,0.0022860205748358943,0.018843101117176277,0.059085224973493576
58,0.027576858922839165,0.02810435965657234,0.8891601681709289,0.3507348716259003,0.02709597907960415,0.024498898535966873,0.873046875,0.31520387530326843,0.028284244239330292,0.03140770643949509,0.8993164300918579,0.3994995057582855,0.0005271942112188595,0.0026135318663273273,0.011643440135010024,0.04159785000202938
59,0.02831668183207512,0.02906215898692608,0.8735937714576721,0.3806906223297119,0.026369323953986168,0.024213049560785294,0.8536133170127869,0.3340103328227997,0.02928600274026394,0.03398376703262329,0.8882812857627869,0.457284539937973,0.001188330006294097,0.0034699277526279017,0.014246197739680635,0.04811852104629184
60,0.028078731894493104,0.0291150726377964,0.8819531321525573,0.3676350474357605,0.02649676240980625,0.025476926937699318,0.870410144329071,0.34116896986961365,0.030433988198637962,0.03300102800130844,0.8868164420127869,0.40541383624076843,0.0015650068068634563,0.0032045510912853737,0.006590326516113928,0.02470169820114094
61,0.028803612291812896,0.026543598622083664,0.877832043170929,0.372018438577652,0.027162332087755203,0.02475687302649021,0.8497070670127869,0.3274688720703125,0.0298382006585598,0.028223199769854546,0.890625,0.45930787920951843,0.0010338880210935717,0.0014157520821287883,0.017218813020831163,0.051832125231525604
62,0.027863546460866927,0.026332097500562666,0.8800390601158142,0.3671032786369324,0.025666851550340652,0.024302100762724876,0.86669921875,0.32821351289749146,0.032604265958070755,0.02898121066391468,0.890625,0.4327453672885895,0.002775239138095578,0.002021972762076856,0.011884532053799813,0.042950687541157544
63,0.028570427000522612,0.027257066592574118,0.8732226729393006,0.3757092356681824,0.026295088231563568,0.02532089874148369,0.8492187857627869,0.32026368379592896,0.030336135998368263,0.02967960014939308,0.894238293170929,0.43645021319389343,0.0015912149721013622,0.0015747214497902082,0.019515041110472725,0.04903973342588157
64,0.02793823778629303,0.02628086842596531,0.8850000262260437,0.3472058176994324,0.027124769985675812,0.023836474865674973,0.864453136920929,0.2778488099575043,0.028652159497141838,0.031213678419589996,0.9122070670127869,0.4143722653388977,0.0006320930806420563,0.0030560922360882343,0.018012833354973886,0.05243507520309874
65,0.026873014494776727,0.026897885277867316,0.886523449420929,0.35775879621505735,0.025551632046699524,0.023469403386116028,0.861035168170929,0.324136346578598,0.027704276144504547,0.031676046550273895,0.89697265625,0.4404296875,0.0008334455123845482,0.003136865587401041,0.014640294831849079,0.047514013652461065
66,0.02720850445330143,0.028534559160470964,0.8820117235183715,0.36123291254043577,0.025708235800266266,0.027225200086832047,0.849804699420929,0.2978668212890625,0.028722448274493217,0.02969466708600521,0.90283203125,0.47041016817092896,0.0012890679774224575,0.0009049648197529251,0.02181817769749778,0.06531399529506444
67,0.027641458064317705,0.026835228130221368,0.8878711104393006,0.3519772350788116,0.026393799111247063,0.02371133118867874,0.8817383050918579,0.31139373779296875,0.028605911880731583,0.02976357378065586,0.9014648795127869,0.398681640625,0.0010234407606545329,0.002453803917374816,0.008054543720837977,0.03227856039569412
68,0.025814543664455413,0.027095277979969978,0.8895898580551147,0.34668304324150084,0.024201929569244385,0.023508265614509583,0.875195324420929,0.296630859375,0.027903642505407333,0.028888801112771034,0.90087890625,0.4133361876010895,0.001386047032728139,0.0021484277454028007,0.009443310342506901,0.04319669873660033
69,0.026980840414762498,0.026804472878575326,0.8761914134025574,0.367529296875,0.02622336521744728,0.02475549466907978,0.8505859375,0.303314208984375,0.027636755257844925,0.030123049393296242,0.89892578125,0.45499879121780396,0.0005444094402533711,0.002198963578295943,0.01745390739106009,0.05657698996829685
70,0.02579457499086857,0.024640487134456636,0.8836718916893005,0.3572406113147736,0.02251151017844677,0.021445203572511673,0.864550769329071,0.304544061422348,0.0275700893253088,0.027306096628308296,0.9002929925918579,0.4265197813510895,0.0019767461281899887,0.0021016977123090733,0.01767745943955559,0.05221105099240943
71,0.02575667016208172,0.026187302172183992,0.887988293170929,0.35381958484649656,0.024420415982604027,0.02375035546720028,0.8692383170127869,0.2696685791015625,0.026721477508544922,0.032008036971092224,0.9154297113418579,0.4365600645542145,0.0008721950895837516,0.003338972971931731,0.01792796849821413,0.06312025411201803
72,0.026246267557144164,0.026780327409505846,0.8781445384025574,0.3712200939655304,0.023921508342027664,0.025255238637328148,0.860156238079071,0.3152923583984375,0.028249554336071014,0.029152240604162216,0.9037109613418579,0.4246765077114105,0.0019762171675289947,0.0014853646060748141,0.019601735604742977,0.05303129909906922
73,0.026355708390474318,0.02642311342060566,0.8955859661102294,0.3315423667430878,0.025702062994241714,0.020917313173413277,0.8819336295127869,0.274496465921402,0.02781086601316929,0.03421527519822121,0.9112305045127869,0.39104005694389343,0.0008476976552472456,0.005213868772341751,0.011630001110527605,0.042175848010731445
74,0.026526455581188203,0.026430147513747216,0.887890636920929,0.34306336045265196,0.025799380615353584,0.02542881667613983,0.870898425579071,0.29801636934280396,0.02718735672533512,0.027628254145383835,0.8993164300918579,0.41775208711624146,0.0006044584361945833,0.0009668781232979562,0.010654173839611376,0.04496376639666412
75,0.02517072483897209,0.025283998623490334,0.889550793170929,0.3418061971664429,0.02290789969265461,0.02271980047225952,0.858203113079071,0.29037782549858093,0.02684498205780983,0.02845502831041813,0.9092773795127869,0.44018861651420593,0.0016734943184518799,0.0024566919117387422,0.019837095762831592,0.06345870412034618
76,0.026116566359996797,0.02613007798790932,0.8901172041893005,0.34775208234786986,0.025028815492987633,0.023543143644928932,0.875195324420929,0.263497918844223,0.026906950399279594,0.032536353915929794,0.916015625,0.42030641436576843,0.0007557127085178279,0.0037256116350909366,0.01630703924745927,0.05665290806635793
77,0.025599822774529456,0.026641686260700227,0.8954687714576721,0.3293942272663116,0.02456594631075859,0.02214736118912697,0.8797851800918579,0.2641281187534332,0.0273196492344141,0.028634648770093918,0.9180664420127869,0.3922058045864105,0.0010820516372528986,0.002762963576345922,0.014366693933114046,0.04547859973638688
78,0.025972966104745865,0.025335878878831864,0.8847460985183716,0.35520386695861816,0.024758607149124146,0.02169368974864483,0.8802734613418579,0.34265443682670593,0.027502961456775665,0.02949734404683113,0.8890625238418579,0.3784332275390625,0.0011104937914000656,0.0027991486056445306,0.003616185422739716,0.015988000178530897
79,0.026196416467428207,0.025978909432888032,0.8945507884025574,0.3371099948883057,0.02504691109061241,0.02145090512931347,0.875781238079071,0.29467469453811646,0.028000064194202423,0.028363145887851715,0.9081054925918579,0.41626283526420593,0.001196247140703518,0.00270976045734695,0.013456999688066624,0.04888632848259635
80,0.024370765686035155,0.024306267127394678,0.8914062738418579,0.3346084654331207,0.022959010675549507,0.02338413894176483,0.8701171875,0.2882827818393707,0.026903335005044937,0.025196945294737816,0.904003918170929,0.41414186358451843,0.0017650756903915545,0.0007925129983411608,0.01354239897208487,0.05028401935073692
81,0.026027565822005272,0.025175072625279425,0.8956445574760437,0.32985504269599913,0.02466587722301483,0.022996317595243454,0.866894543170929,0.2582687437534332,0.027317870408296585,0.027517495676875114,0.9159179925918579,0.44178467988967896,0.0011368173195668158,0.0019529743669470015,0.018976703622467842,0.0708750591131086
82,0.024713853374123573,0.025851432606577872,0.8774023652076721,0.3680352807044983,0.02409898117184639,0.022755788639187813,0.8607422113418579,0.281829833984375,0.02527068369090557,0.030328987166285515,0.908398449420929,0.43267822265625,0.0004623501445645399,0.003054619014164326,0.01850934489309047,0.05632721604564646
83,0.025425640121102332,0.024684971198439598,0.8943750023841858,0.333303838968277,0.023853106424212456,0.021405234932899475,0.8662109375,0.28522950410842896,0.027114273980259895,0.027771785855293274,0.9091796875,0.42933350801467896,0.001169885347053775,0.0024972621415570574,0.016703014346765847,0.05729870174731389
84,0.025377832353115082,0.02414318285882473,0.8938671946525574,0.33700836896896363,0.023958880454301834,0.021312981843948364,0.8731445670127869,0.2764877378940582,0.02652721293270588,0.027591506019234657,0.913378894329071,0.419241338968277,0.000966886505503962,0.002264722123014795,0.015459369172990851,0.05490926467955376
85,0.02462279312312603,0.025009380653500557,0.9016211152076721,0.3225036680698395,0.02288876660168171,0.021289033815264702,0.890332043170929,0.2610229551792145,0.02618507482111454,0.02795211225748062,0.9180664420127869,0.37823182344436646,0.001482853823471545,0.0025603416252177737,0.011663410927224657,0.04670898117460028
86,0.023885692283511162,0.023919998854398727,0.8910742282867432,0.3379196226596832,0.0220749843865633,0.021861765533685684,0.871777355670929,0.2909606993198395,0.02579474076628685,0.025687487795948982,0.9039062857627869,0.41794130206108093,0.0014485345942822578,0.0016569627291932365,0.013107165619038668,0.048096725291059884
87,0.02460043989121914,0.026308920606970786,0.8876757979393005,0.35199555158615115,0.023877602070569992,0.02256486751139164,0.861621081829071,0.3039291501045227,0.02529112808406353,0.029033135622739792,0.904492199420929,0.45720216631889343,0.000653564303021289,0.002702409042887883,0.017192145523782357,0.06259756251186346
88,0.024900440126657486,0.02410085089504719,0.8983789205551147,0.3211590647697449,0.023403549566864967,0.021423524245619774,0.8770508170127869,0.26916199922561646,0.02697274461388588,0.027821114286780357,0.9146484732627869,0.40874025225639343,0.0013406579188439012,0.0024762418278777582,0.014749745282391096,0.05396788957804022
89,0.02400308884680271,0.02393000163137913,0.8980273604393005,0.32031647562980653,0.022002361714839935,0.022828061133623123,0.8857421875,0.29674988985061646,0.026050953194499016,0.025576768442988396,0.9061523675918579,0.377960205078125,0.0014328731804819452,0.001150780365094707,0.00823833849858985,0.03386861304207558
90,0.02417353689670563,0.0236125472933054,0.8966601729393006,0.33114746809005735,0.02353188768029213,0.019593974575400352,0.8868164420127869,0.29315185546875,0.025029612705111504,0.028132295235991478,0.911914050579071,0.36915895342826843,0.0006061693010840383,0.0030307980157230274,0.009497123365107118,0.029684989346844846
91,0.023663462325930595,0.02322104312479496,0.8940820455551147,0.33130096793174746,0.021846283227205276,0.021229267120361328,0.8682617545127869,0.2836410701274872,0.0251472070813179,0.024186115711927414,0.91650390625,0.4163757264614105,0.0012447038811816285,0.0012209911893679248,0.018692244560265144,0.05095904718178965
92,0.023757924139499665,0.023347378894686698,0.8772851586341858,0.37207399010658265,0.02216232940554619,0.01951531320810318,0.849414050579071,0.31581422686576843,0.025690697133541107,0.026893528178334236,0.898242175579071,0.46384888887405396,0.001482872974371927,0.002858954356101814,0.019159619069139426,0.05715415998733815
93,0.023676546663045882,0.021556313335895538,0.9021875143051148,0.31137360334396363,0.02135312184691429,0.020229574292898178,0.88623046875,0.2766616940498352,0.026440074667334557,0.022657515481114388,0.9144531488418579,0.3766540586948395,0.0019285717761621775,0.001015358418611232,0.010350324949264059,0.03853353351565975
94,0.023685450479388238,0.022507131472229956,0.8988672018051147,0.32000336050987244,0.023175088688731194,0.019209343940019608,0.87060546875,0.2649429440498352,0.024180157110095024,0.026086298748850822,0.917285144329071,0.424560546875,0.00036268967845582366,0.0024584551882653304,0.018866569502638184,0.06302033364676785
95,0.023501697927713394,0.022600125521421432,0.8979492306709289,0.3254931688308716,0.02188231237232685,0.021119534969329834,0.866015613079071,0.2799316346645355,0.0253510270267725,0.025201786309480667,0.91259765625,0.43369752168655396,0.0012777615223477884,0.0017258191626579608,0.020096802235165356,0.06266196278840441
96,0.02395751029253006,0.02342698723077774,0.9004297018051147,0.3279498279094696,0.022661857306957245,0.021337544545531273,0.893359363079071,0.296417236328125,0.025281555950641632,0.02542879991233349,0.913281261920929,0.3762054443359375,0.0011388563367750318,0.0017016743708019601,0.007768615642115201,0.03100278411280078
97,0.023334946483373642,0.02340751588344574,0.8987695336341858,0.3239517271518707,0.021679237484931946,0.021820183843374252,0.882617175579071,0.29347991943359375,0.024981137365102768,0.025479311123490334,0.91015625,0.391082763671875,0.0015327912912966623,0.0017128999556834238,0.010539558967135257,0.0400173054903796
98,0.023045994341373444,0.022352035343647002,0.8906445503234863,0.34702836275100707,0.022539595142006874,0.01957627572119236,0.8626953363418579,0.30450746417045593,0.02324068173766136,0.028276938945055008,0.9053711295127869,0.46321412920951843,0.0002937559256631851,0.003554312938425765,0.016952625693201898,0.0654979254162855
99,0.02304810509085655,0.02357078157365322,0.8929296970367432,0.3405438303947449,0.021829796954989433,0.0215303935110569,0.842968761920929,0.27882081270217896,0.025186210870742798,0.02626577578485012,0.9149414300918579,0.4820495545864105,0.0015929424670885943,0.00187786743623804,0.029969067434531385,0.08303839119344412
100,0.02310669347643852,0.021768205612897874,0.8931445479393005,0.3337274193763733,0.02128630504012108,0.02091520093381405,0.865039050579071,0.27913209795951843,0.02452234737575054,0.023234879598021507,0.9130859375,0.4203430116176605,0.0011644764802012182,0.0009926939919874317,0.01777430533555385,0.05396693230768374
101,0.023320645838975907,0.023254381865262984,0.8912890791893006,0.34361420273780824,0.022198615595698357,0.01655552349984646,0.85693359375,0.2639724910259247,0.02454586885869503,0.02828546240925789,0.9141601920127869,0.4868713319301605,0.0009989898364309567,0.004252569461517441,0.025612722981186213,0.08997324851072973
102,0.023065286129713057,0.022157387062907218,0.90263671875,0.32041077613830565,0.0218212753534317,0.02135597914457321,0.88134765625,0.27525636553764343,0.025514312088489532,0.023202946409583092,0.914257824420929,0.41437989473342896,0.001649282530528111,0.000764527372498114,0.013568244320856506,0.055740785133241696
103,0.02283422239124775,0.02266506664454937,0.8866797089576721,0.3550854563713074,0.021808655932545662,0.020261330530047417,0.845019519329071,0.31297609210014343,0.024003274738788605,0.02596299536526203,0.8998047113418579,0.4670349061489105,0.0008777433720518138,0.002437373088962774,0.023625827906908287,0.06340768029886037
104,0.022686552628874777,0.02371644340455532,0.8957617521286011,0.3278765916824341,0.021706752479076385,0.021016709506511688,0.8692383170127869,0.26795655488967896,0.023489393293857574,0.026600811630487442,0.9141601920127869,0.3797058165073395,0.0008034947016794379,0.002253093164889281,0.01811524879899776,0.048681681185697885
105,0.023078728839755057,0.023637665808200835,0.8980664253234864,0.3249975681304932,0.021948635578155518,0.019166987389326096,0.860058605670929,0.26229554414749146,0.025263121351599693,0.027802852913737297,0.9203125238418579,0.43485718965530396,0.0013109474903168488,0.003489291702878907,0.022618907028123855,0.06489472731135977
106,0.02195378914475441,0.022426079586148263,0.8981640696525574,0.32866700291633605,0.02032574452459812,0.0185680091381073,0.867480456829071,0.2897399961948395,0.023598043248057365,0.027341622859239578,0.91455078125,0.42799684405326843,0.0013703164187271804,0.0031606114499568333,0.018815306482451482,0.057790215219500576
107,0.021767935156822203,0.022513560205698013,0.904394555091858,0.31789917349815366,0.02063404954969883,0.019512182101607323,0.8666015863418579,0.2567199766635895,0.022495726123452187,0.024810409173369408,0.9195312857627869,0.46101686358451843,0.0007128668253187034,0.0022434780988702715,0.02175971361838415,0.08198432957281292
108,0.0221246350556612,0.020144612342119218,0.8944140672683716,0.33016204833984375,0.020428141579031944,0.018604151904582977,0.8701171875,0.256317138671875,0.02418963797390461,0.021306108683347702,0.922656238079071,0.4192871153354645,0.0013826734384971508,0.0012753635988982926,0.01967360124180799,0.05883538448046406
109,0.021614259853959084,0.021990442648530006,0.8971484303474426,0.33473633527755736,0.01964549534022808,0.018810145556926727,0.851367175579071,0.2855896055698395,0.02387535199522972,0.026066413149237633,0.911328136920929,0.4824890196323395,0.0015881259753029332,0.003035738171735111,0.025697647526723523,0.0830622937671527
110,0.02200556769967079,0.02245548479259014,0.895410168170929,0.3363717794418335,0.01960582844913006,0.020375238731503487,0.865429699420929,0.2724899351596832,0.024764293804764748,0.02414620667695999,0.91748046875,0.43492433428764343,0.0019243063331260836,0.0015425597806915886,0.019721727336334687,0.06227746628072054
111,0.022549135982990264,0.0243918027728796,0.8871679902076721,0.3562890708446503,0.021532902494072914,0.02090192586183548,0.855175793170929,0.2873687744140625,0.02383323386311531,0.0313609316945076,0.9051758050918579,0.49031373858451843,0.0008456763463281696,0.004129077374130311,0.023042592612041717,0.08344629299868854
112,0.021406141668558122,0.020077650621533393,0.9019531369209289,0.320682680606842,0.020856451243162155,0.017862481996417046,0.8685547113418579,0.2652908265590668,0.022516325116157532,0.02481708489358425,0.91845703125,0.43931275606155396,0.0006548369053702899,0.0029766539372357366,0.019515731935072417,0.06798769152837435
113,0.02181617319583893,0.022922785580158235,0.897851574420929,0.3317102134227753,0.020275186747312546,0.020639467984437943,0.870410144329071,0.2860046327114105,0.022958537563681602,0.02427665702998638,0.9170898795127869,0.43510743975639343,0.001144099602558644,0.0015499811472544345,0.018543131030861602,0.0607959031050916
114,0.020491724461317064,0.02121734954416752,0.9046093940734863,0.32031952738761904,0.018791044130921364,0.017884625121951103,0.886914074420929,0.2764175534248352,0.022887451574206352,0.024048419669270515,0.913281261920929,0.3993988037109375,0.0015869588388714051,0.0025231259296402196,0.011096216302477499,0.04710694198754623
115,0.02125997170805931,0.022318814322352408,0.9020312666893006,0.31996155977249147,0.01966039277613163,0.018692895770072937,0.8663086295127869,0.270590215921402,0.02280973084270954,0.0274809617549181,0.916015625,0.452178955078125,0.0012118084269363161,0.0031974107253805533,0.020597405039461354,0.07569909368776584
116,0.021832939237356186,0.02077740654349327,0.9073632836341858,0.31187195181846616,0.021060077473521233,0.017833638936281204,0.8873047232627869,0.2600555419921875,0.022486267611384392,0.022492066025733948,0.919238269329071,0.3824218809604645,0.0005504200184858788,0.00175142841600335,0.012155852339517999,0.044970328565543304
117,0.021550646051764488,0.022865022346377373,0.8982226610183716,0.3247140645980835,0.018213976174592972,0.018518950790166855,0.87841796875,0.2810104489326477,0.023008648306131363,0.02968469262123108,0.912109375,0.41618654131889343,0.001910646701055111,0.00485515687614842,0.012910108427332909,0.052705530692019886
118,0.021385452523827553,0.02254156246781349,0.9061718702316284,0.31023499369621277,0.020497949793934822,0.01854131557047367,0.873339831829071,0.27407532930374146,0.022249961271882057,0.027312470600008965,0.918749988079071,0.40367433428764343,0.00074562056786906,0.00326449393687324,0.019081917771451063,0.05369928309728518
119,0.021257708966732024,0.020822013542056084,0.8997656464576721,0.32827088236808777,0.019838793203234673,0.01886206492781639,0.8614258170127869,0.281576544046402,0.02203994058072567,0.02229079231619835,0.9183593988418579,0.451995849609375,0.0009758824138602507,0.0012369422992862457,0.022058051778989965,0.07144301375361221
120,0.0198403000831604,0.021348911896348,0.8999023556709289,0.3277438461780548,0.018021361902356148,0.018321247771382332,0.8798828125,0.26779937744140625,0.021736176684498787,0.027434738352894783,0.917675793170929,0.41929933428764343,0.0014343004734970618,0.0035933416002218595,0.01563491153024639,0.06298736674302134
121,0.020923301205039026,0.0203928180038929,0.8958398580551148,0.3458590805530548,0.019086752086877823,0.017821161076426506,0.8458008170127869,0.2705093324184418,0.023433124646544456,0.022804414853453636,0.9183593988418579,0.5134643912315369,0.0016072342401204495,0.0019087910722314578,0.028584642833190243,0.09672259154190893
122,0.019522282481193542,0.021214760094881057,0.8978125095367432,0.3301886022090912,0.017887020483613014,0.017152220010757446,0.8731445670127869,0.25303956866264343,0.02116752415895462,0.026722973212599754,0.920117199420929,0.438232421875,0.0012922393974238047,0.003471669492841392,0.018380989485936926,0.06823687293659816
123,0.020842007547616958,0.021003081277012826,0.906054699420929,0.316107177734375,0.019644001498818398,0.018074631690979004,0.8863281607627869,0.265646368265152,0.021866781637072563,0.02542753890156746,0.9190430045127869,0.408782958984375,0.0009924032569503362,0.002915483023184438,0.012172405462951839,0.05495460369143947
124,0.021261242032051087,0.022617579624056815,0.9042578339576721,0.3252966344356537,0.020568782463669777,0.020992910489439964,0.8846679925918579,0.278329461812973,0.02196548506617546,0.025449657812714577,0.915234386920929,0.414154052734375,0.0006203859482316155,0.0019150183246935113,0.01179835014838956,0.05222261941689248
125,0.02067270949482918,0.02042757607996464,0.9018359541893005,0.3275097727775574,0.01863185316324234,0.018435684964060783,0.8711914420127869,0.2771057188510895,0.023440757766366005,0.02213716134428978,0.9140625,0.45209962129592896,0.0018003319883036376,0.0014933700221163501,0.01791603533139978,0.07157239668166576
126,0.02047896645963192,0.020815441384911537,0.9047851681709289,0.3278527855873108,0.018867289647459984,0.017008062452077866,0.8809570670127869,0.265878289937973,0.021882228553295135,0.023026490584015846,0.9200195670127869,0.4411559998989105,0.0011379505502903933,0.0022671778737747765,0.016519928859401036,0.06984308807296268
127,0.020154088735580444,0.020438385382294654,0.9032422065734863,0.330884712934494,0.01833348162472248,0.018335843458771706,0.8838867545127869,0.29306337237358093,0.02142416127026081,0.022270914167165756,0.9134765863418579,0.42741090059280396,0.0012825146967592922,0.0017703847438919128,0.01136371649885292,0.05574967376564144
128,0.020077642425894736,0.019906509295105936,0.9024219036102294,0.333139044046402,0.018846238031983376,0.018238317221403122,0.8653320670127869,0.2781219482421875,0.022240817546844482,0.022178540006279945,0.9150390625,0.49678346514701843,0.001308918521890232,0.0016693579546678357,0.020987047547671434,0.09228614275457082
129,0.019916828349232675,0.020005210861563684,0.9037890911102295,0.32391571402549746,0.019519111141562462,0.01796523667871952,0.8675781488418579,0.2585403621196747,0.020223263651132584,0.021930508315563202,0.9188476800918579,0.4637695252895355,0.0003140101535847286,0.0014367464797342777,0.021426861671863622,0.08144004733874291
130,0.01989714652299881,0.019534855708479883,0.9075781464576721,0.31998535990715027,0.019360067322850227,0.018475139513611794,0.879589855670929,0.268576055765152,0.020199386402964592,0.020380450412631035,0.923046886920929,0.42640382051467896,0.00033146596085343596,0.0007222163084671711,0.017277099609487746,0.061545638361300274
131,0.019609900563955306,0.020431956648826598,0.8936718702316284,0.35402039885520936,0.017900804057717323,0.018110081553459167,0.876757800579071,0.28306275606155396,0.02145198918879032,0.023570869117975235,0.905468761920929,0.45823976397514343,0.00136801490268139,0.002140096688933086,0.01125579691669348,0.06505699341962459
132,0.01970445439219475,0.02051311358809471,0.9030468821525574,0.32222229838371275,0.018324613571166992,0.01871660351753235,0.8570312857627869,0.26295167207717896,0.020902594551444054,0.02405846305191517,0.92236328125,0.45381471514701843,0.001266019302238656,0.0021143748135734448,0.027011730032652715,0.07626077102782154
133,0.019185560941696166,0.019591537490487098,0.9019336104393005,0.3284185826778412,0.01784108579158783,0.018441496416926384,0.8729492425918579,0.2848358154296875,0.020447831600904465,0.02112644724547863,0.918261706829071,0.42472535371780396,0.0010437443880600837,0.0011467839180069256,0.017976619041155606,0.056229462795725785
134,0.019493431970477103,0.019151392951607706,0.90771484375,0.3191061496734619,0.01829034648835659,0.017830301076173782,0.872265636920929,0.2651046812534332,0.021203288808465004,0.02030932903289795,0.920703113079071,0.4565795958042145,0.0012015965300653435,0.0011045054193706018,0.020217194008806644,0.07780188821211606
135,0.02050618976354599,0.02046526297926903,0.9089453458786011,0.32566864490509034,0.018285544589161873,0.018623383715748787,0.8856445550918579,0.2761245667934418,0.022100111469626427,0.021499404683709145,0.9180664420127869,0.42193603515625,0.0017279182889113054,0.0011706514394502663,0.01373548767061159,0.056833549140629325
136,0.018844441324472428,0.019280292466282843,0.8945312619209289,0.3440786778926849,0.01696019619703293,0.01661202684044838,0.8604492545127869,0.2782440185546875,0.02008945308625698,0.02077512815594673,0.924023449420929,0.4683593809604645,0.0011906213951759187,0.001675289456373644,0.024241667501548533,0.074026361388127
137,0.019072065502405165,0.020012421905994414,0.9057226538658142,0.32170227766036985,0.018237639218568802,0.01890018954873085,0.883105456829071,0.25677186250686646,0.020146317780017853,0.021441657096147537,0.922070324420929,0.4134277403354645,0.0007670146548520637,0.0012200767526106106,0.01492490645892868,0.05775805306495215
138,0.01940009780228138,0.01839795634150505,0.9084570407867432,0.3205554187297821,0.01855221763253212,0.017851220443844795,0.8799805045127869,0.263772577047348,0.02140001766383648,0.01938452385365963,0.923144519329071,0.4558959901332855,0.0012308523535853166,0.0006116332711515268,0.018016254074677003,0.07746571116328427
139,0.019396455213427543,0.020307428389787673,0.9039648532867431,0.32783386707305906,0.018807411193847656,0.01705070026218891,0.8875976800918579,0.2745422422885895,0.020323967561125755,0.023914331570267677,0.91748046875,0.41942140460014343,0.0005668444753033057,0.0025725542852213595,0.011553513971413814,0.05453812482507313
140,0.019293508678674697,0.019026445224881172,0.90439453125,0.3237945646047592,0.01846661977469921,0.016654981300234795,0.88037109375,0.24494324624538422,0.02040885202586651,0.021675636991858482,0.926562488079071,0.42463380098342896,0.0008983000082171988,0.0021174556968016024,0.020782308409814317,0.07101628597988746
141,0.01886109448969364,0.019218211248517036,0.9045703291893006,0.3328363120555878,0.0175279900431633,0.016842547804117203,0.861523449420929,0.2732605040073395,0.020623570308089256,0.022257203236222267,0.9190430045127869,0.4883178770542145,0.001254401828122841,0.00206311932493777,0.024314979397424972,0.08809067704071329
142,0.01814677082002163,0.01906651258468628,0.9101562738418579,0.326898193359375,0.017315229400992393,0.016654130071401596,0.8890625238418579,0.271087646484375,0.019085459411144257,0.021075602620840073,0.9239258170127869,0.4165283143520355,0.0007554651870538351,0.0019282228319152626,0.014043835540590393,0.05641983104355753
143,0.018197055160999297,0.0194226898252964,0.9095117330551148,0.31682740449905394,0.017618365585803986,0.016604742035269737,0.898632824420929,0.27814942598342896,0.018820039927959442,0.021472303196787834,0.923046886920929,0.3783325254917145,0.0004963193187366737,0.0020393198965463215,0.011062693281287493,0.03853940311808658
144,0.01807856634259224,0.019198277965188026,0.9048437595367431,0.3317340135574341,0.01614750362932682,0.01633111946284771,0.871777355670929,0.2903991639614105,0.019853385165333748,0.02379217930138111,0.9164062738418579,0.45189210772514343,0.0015805449737787418,0.002804276198874739,0.01860814111820611,0.06805978979333
145,0.018472918868064882,0.01807100586593151,0.9091406345367432,0.31464173197746276,0.01793413609266281,0.01630173996090889,0.8956055045127869,0.277059942483902,0.01877782493829727,0.020757781341671944,0.9212890863418579,0.38811036944389343,0.00036308612045132354,0.0018879575022383965,0.01048988759317305,0.044036678970623855
146,0.018389064818620682,0.017411580309271812,0.899804699420929,0.34715546369552613,0.01705281436443329,0.01652093417942524,0.8740234375,0.2502121031284332,0.020010972395539284,0.017834380269050598,0.928417980670929,0.43824464082717896,0.0012708897188873733,0.0005371679661455676,0.022738078589848342,0.07208771661022162
147,0.018473759293556213,0.02015089727938175,0.9163867354393005,0.3105514645576477,0.01683812588453293,0.01804984174668789,0.8887695670127869,0.2577774226665497,0.020083287730813026,0.02330201119184494,0.927441418170929,0.42913818359375,0.0013433761733099075,0.0021055799908636774,0.01573438005912397,0.0677032798982315
148,0.018537763506174088,0.018432684987783433,0.9021679759025574,0.3355481028556824,0.017498072236776352,0.016962485387921333,0.874707043170929,0.2877746522426605,0.0194490235298872,0.020261460915207863,0.927050769329071,0.44572144746780396,0.0007354175382790187,0.0012286421510980428,0.018787770040981856,0.06307547151871637
149,0.01888677179813385,0.017918211966753007,0.9062695384025574,0.326168829202652,0.017213191837072372,0.016551423817873,0.8851562738418579,0.262673944234848,0.020409036427736282,0.019738849252462387,0.924121081829071,0.42106324434280396,0.0011380311233005255,0.0012954679832461672,0.014199890859686374,0.05793998410431794
150,0.018043556436896323,0.018392569944262506,0.8993554830551147,0.34701813459396363,0.01759171672165394,0.016807889565825462,0.853808581829071,0.2566848695278168,0.01855306699872017,0.020000049844384193,0.92626953125,0.49198609590530396,0.0003721954773416476,0.001505237964396287,0.03125325926161233,0.09074915042683543
151,0.017719369381666183,0.01727185919880867,0.9015234470367431,0.3487902879714966,0.01730201579630375,0.0158836767077446,0.888964831829071,0.297384649515152,0.018186092376708984,0.01995450258255005,0.9208984375,0.43980103731155396,0.00035774289388297125,0.0015620671828958182,0.015238538652226599,0.0577660567129107
152,0.017822208255529402,0.019529691338539122,0.9072656393051147,0.32961792349815366,0.01719149388372898,0.018528997898101807,0.886425793170929,0.267660528421402,0.018542854115366936,0.02154293842613697,0.919726550579071,0.43597412109375,0.0005059442252297196,0.0011941726534104495,0.013636353912834794,0.06636467115875694
153,0.018393262475728988,0.017910551652312277,0.902734386920929,0.33447266221046446,0.0174331683665514,0.016658946871757507,0.887988269329071,0.25074464082717896,0.019088614732027054,0.01979992724955082,0.9291015863418579,0.42352294921875,0.0006451374988073526,0.0013280541706335543,0.0160698802166786,0.0640160598037733
154,0.017426300421357156,0.01746889315545559,0.9011328220367432,0.3435302793979645,0.016167914494872093,0.0163872092962265,0.868359386920929,0.2596435546875,0.018307048827409744,0.018836522474884987,0.927050769329071,0.45890504121780396,0.000876242405641207,0.0009976501676686198,0.021594241041470924,0.07253207421302003
155,0.01747512221336365,0.017025307193398474,0.9072656273841858,0.333151251077652,0.016623949632048607,0.01597433164715767,0.8929687738418579,0.29693603515625,0.01837639883160591,0.018159989267587662,0.916308581829071,0.42738649249076843,0.000763927909382413,0.0009080700247177314,0.00873097186006565,0.0539528258181296
156,0.0176076490432024,0.016294695809483527,0.9005078196525573,0.3432727098464966,0.01604275219142437,0.013898598030209541,0.8626953363418579,0.269113153219223,0.01922820508480072,0.01820455491542816,0.9224609732627869,0.4764770567417145,0.001266523643204345,0.0016108163328227396,0.023039567299515926,0.07933165153363926
157,0.016667533293366434,0.01762182004749775,0.9062890648841858,0.33743469715118407,0.015431860461831093,0.01682371273636818,0.8882812857627869,0.2588348388671875,0.01792854629456997,0.01810750551521778,0.932421863079071,0.43828126788139343,0.0009525241897409664,0.0004770796971228678,0.017711289658105995,0.06716847711878879
158,0.016868000850081444,0.016514478996396065,0.9090625166893005,0.3290185570716858,0.015308545902371407,0.014888421632349491,0.873242199420929,0.261819452047348,0.017365070059895515,0.018051084131002426,0.9232422113418579,0.46588134765625,0.000884642245817535,0.0013975236231979521,0.020784662710873824,0.07976520312417971
159,0.016993333026766776,0.016999781876802445,0.910937511920929,0.3311416745185852,0.016465971246361732,0.016278879716992378,0.885449230670929,0.2812332212924957,0.017719341441988945,0.01807853765785694,0.92236328125,0.454803466796875,0.0005119350636807296,0.0007101891575845212,0.01517195871777904,0.0702054239910117
160,0.017338519915938377,0.016641864180564882,0.9027929663658142,0.3474377512931824,0.017068635672330856,0.015517003834247589,0.871874988079071,0.28161928057670593,0.01777922734618187,0.01761714555323124,0.92578125,0.491455078125,0.0002675274336989369,0.0009882330933821246,0.019539628612931813,0.08438140761209034
161,0.016956716775894165,0.017238482274115084,0.8957422018051148,0.3560897886753082,0.016661526635289192,0.015245500952005386,0.829882800579071,0.2557235658168793,0.01746983826160431,0.01909114047884941,0.9312500357627869,0.5393615961074829,0.00032191964902648793,0.0017995280577958492,0.040892082848327155,0.10982546547126484
162,0.01634490191936493,0.016486248187720775,0.9042187571525574,0.34734193086624143,0.015612555667757988,0.014350318349897861,0.891308605670929,0.29718324542045593,0.017211418598890305,0.017620950937271118,0.913867175579071,0.45145875215530396,0.0006552278677096627,0.0012580745935340087,0.009743713329985094,0.06388377592072374
163,0.016719356924295426,0.01705216560512781,0.900781261920929,0.3519628942012787,0.015234924852848053,0.015002896077930927,0.8734375238418579,0.26472169160842896,0.01739398203790188,0.01928374171257019,0.9271484613418579,0.4531188905239105,0.0008579275022990816,0.0015508497678963149,0.025144637998370797,0.07578205681468587
164,0.01654302775859833,0.017007464729249477,0.9086523413658142,0.3396618694067001,0.016071287915110588,0.015356265939772129,0.865234375,0.22506408393383026,0.017161928117275238,0.018399879336357117,0.9413086175918579,0.48138427734375,0.0004071454201893708,0.001530877863155635,0.027907199428125792,0.09589109992503822
165,0.016211503371596336,0.016575703769922255,0.9071679711341858,0.34814820289611814,0.015476599335670471,0.0146427471190691,0.8671875,0.26295167207717896,0.01769997365772724,0.018967652693390846,0.925976574420929,0.5242859125137329,0.0008938385879929399,0.0018558333381561327,0.0231659112537556,0.10138266423930099
166,0.01644503604620695,0.016786514595150948,0.9147851705551148,0.32939026951789857,0.01548184733837843,0.015799444168806076,0.90283203125,0.25387269258499146,0.018063394352793694,0.018837472423911095,0.932812511920929,0.4114135801792145,0.0011873838915662852,0.0011918294319742638,0.012133487720707483,0.056646189171765796
167,0.01648988053202629,0.016789228469133378,0.9063086032867431,0.35057220458984373,0.01598723791539669,0.01567116007208824,0.8740234375,0.2649398744106293,0.01706119067966938,0.01728166826069355,0.92822265625,0.516845703125,0.0004659574400020616,0.000648744061018942,0.025280485225372205,0.0985906000707245
168,0.01632354613393545,0.015566817671060561,0.9019531369209289,0.355621337890625,0.01533662248402834,0.014083347283303738,0.874804675579071,0.277090460062027,0.01720457896590233,0.016704987734556198,0.92529296875,0.4707580506801605,0.000665546250137266,0.0011132617245148593,0.017941268752844793,0.0710031889336037
169,0.016345250979065896,0.016082960925996304,0.9062109589576721,0.34524841904640197,0.015975110232830048,0.015209268778562546,0.8916992545127869,0.26666566729545593,0.0165634173899889,0.017612341791391373,0.926464855670929,0.463165283203125,0.00023331698497518853,0.0010010541806062764,0.013042791468667752,0.07301319439126197
170,0.01545689683407545,0.01592411659657955,0.9041797041893005,0.3515707433223724,0.014580695889890194,0.014176378026604652,0.8812500238418579,0.2954116761684418,0.016308721154928207,0.018652884289622307,0.9229492545127869,0.4749084413051605,0.0006115751813897189,0.0016561055214940436,0.015420327943014688,0.07145834614369802
171,0.016196165047585965,0.016383820772171022,0.9092578172683716,0.3288171410560608,0.015315557830035686,0.014744419604539871,0.877246081829071,0.2677764892578125,0.01827860064804554,0.017145352438092232,0.9249023795127869,0.4531921446323395,0.0012091929459522419,0.0010120527287144445,0.019406029355606435,0.0722667224060712
172,0.01589050702750683,0.01646524518728256,0.9019921898841858,0.3490777611732483,0.014834294095635414,0.01586097665131092,0.8197265863418579,0.2568359375,0.017300529405474663,0.017696714028716087,0.9291015863418579,0.564166247844696,0.000995745311847,0.0007484746331499381,0.04618192834577365,0.12252768466293588
173,0.015955200418829918,0.015547592379152774,0.9039648652076722,0.35263184905052186,0.0153168560937047,0.014843928627669811,0.8501953482627869,0.27151796221733093,0.017383350059390068,0.017124295234680176,0.929394543170929,0.5230652093887329,0.0008237612122132559,0.0009373460152794595,0.03153257522433637,0.09805884834808873
174,0.01593551430851221,0.015127312950789928,0.9008007884025574,0.3556582748889923,0.015393303707242012,0.013989905826747417,0.880175769329071,0.2813583314418793,0.0164814293384552,0.01634213700890541,0.915234386920929,0.4634765684604645,0.0004885381057263419,0.0009050096969943805,0.017411789643802224,0.07042493505704588
175,0.015297766029834747,0.015296830423176288,0.9106640696525574,0.3386895775794983,0.014771953225135803,0.014262105338275433,0.877148449420929,0.2804107666015625,0.01613222062587738,0.01719123125076294,0.928906261920929,0.4732666015625,0.0005849133108263852,0.0011868089883951365,0.02074148436037912,0.07840031492483812
176,0.015134474821388721,0.015443571843206882,0.9175976634025573,0.32903077602386477,0.014807355590164661,0.014179402962327003,0.8931640982627869,0.28118592500686646,0.015549172647297382,0.01646074838936329,0.929492175579071,0.4481872618198395,0.0002725129281900563,0.000976789453393634,0.014553447757508015,0.06841876010114499
177,0.015378963761031627,0.015532641671597958,0.9132421970367431,0.3349298119544983,0.01452946849167347,0.013470778241753578,0.88623046875,0.25683289766311646,0.016383707523345947,0.01728007197380066,0.9325195550918579,0.4664550721645355,0.0008083702097556353,0.001513837441960799,0.018024343965451963,0.07855967031068523
178,0.015513795427978039,0.01561978980898857,0.9028711080551147,0.35930511355400085,0.013806096278131008,0.01414288580417633,0.85400390625,0.2773300111293793,0.016875579953193665,0.016928676515817642,0.9273437857627869,0.55255126953125,0.001138774410858597,0.0011219990998502798,0.02952989692938204,0.1103801191149741
179,0.014933237992227077,0.014556471072137356,0.9055859446525574,0.3540033042430878,0.013755767606198788,0.012378963641822338,0.87548828125,0.2766571044921875,0.01581137627363205,0.016811605542898178,0.926953136920929,0.4586547911167145,0.0007625756565138171,0.0018768011829657506,0.019471767898735472,0.0687316730629179
180,0.01481751874089241,0.01544326189905405,0.916210949420929,0.33588258028030393,0.014036105014383793,0.013953679241240025,0.8931640982627869,0.2676239013671875,0.015126628801226616,0.018200110644102097,0.9297851920127869,0.46837159991264343,0.00047167582437151144,0.0016537325304918958,0.01498347096439019,0.07896807893808502
181,0.015266511961817742,0.015437503345310688,0.9103124976158142,0.3486294627189636,0.014577890746295452,0.013871731236577034,0.888476550579071,0.2548965513706207,0.016650767996907234,0.0164419487118721,0.930371105670929,0.453277587890625,0.0008172294690353502,0.0010770030775580862,0.015142962121839871,0.07070050141037604
182,0.015128425881266594,0.015406703390181065,0.9081249952316284,0.3418981969356537,0.014597800560295582,0.014433122240006924,0.869433581829071,0.270089715719223,0.015811670571565628,0.0168187003582716,0.925585925579071,0.4659362733364105,0.000510673834121548,0.0009982638716224458,0.022345942788969734,0.0742934499445555
183,0.014979852735996247,0.01510948445647955,0.9090039134025574,0.3490704417228699,0.014409802854061127,0.014001749455928802,0.8758789300918579,0.28441163897514343,0.015759535133838654,0.016462771221995354,0.9212890863418579,0.47086793184280396,0.0005291655180361959,0.0009735628320292972,0.0193733057173768,0.07246326547833598
184,0.015438368171453476,0.015550430491566658,0.9099804759025574,0.33845825791358947,0.014760254882276058,0.014926142990589142,0.86962890625,0.267416387796402,0.016930527985095978,0.016771767288446426,0.9287109375,0.470703125,0.0008614723923143764,0.0007275478931549368,0.02314375112271144,0.0771413194020974
185,0.015231485292315484,0.015097723342478275,0.9128515839576721,0.3386047422885895,0.013527496717870235,0.013979023322463036,0.8709961175918579,0.252481073141098,0.016867440193891525,0.016478756442666054,0.9359375238418579,0.4806579649448395,0.0012148323574107706,0.0009323591733734135,0.024563273355326907,0.08672881180849236
186,0.014715924300253392,0.015324461087584496,0.9175000190734863,0.3362408518791199,0.013638115487992764,0.013622375205159187,0.8841797113418579,0.2769531309604645,0.01579560525715351,0.017217159271240234,0.927734375,0.4711364805698395,0.0007973395209885433,0.001410977773305528,0.01866912884200216,0.07721494238333616
187,0.014694653637707233,0.01411472074687481,0.9134179711341858,0.3507952868938446,0.01402631588280201,0.012831705622375011,0.878710925579071,0.258392333984375,0.015284803695976734,0.016139661893248558,0.94091796875,0.4937988221645355,0.0005752293539510339,0.0012591754456043398,0.02344163556171148,0.08955744167404044
188,0.013865214213728905,0.014871871098876,0.9120703220367432,0.3433444291353226,0.013411655090749264,0.013396729715168476,0.869335949420929,0.244212344288826,0.014416825957596302,0.015910599380731583,0.938671886920929,0.5059753656387329,0.0004110994307016476,0.0009197207348209434,0.025938777199596773,0.1007355722850878
189,0.014218969829380512,0.014845174178481102,0.8983789324760437,0.3702471971511841,0.01396871730685234,0.013515733182430267,0.8570312857627869,0.2872863709926605,0.014551707543432713,0.01612897403538227,0.9234375357627869,0.523266613483429,0.0002950564574583466,0.0010700903897633482,0.026268766247594662,0.09047494272386389
190,0.014092441089451313,0.014931503124535084,0.9148046970367432,0.3404312193393707,0.0135122612118721,0.013981666415929794,0.9043945670127869,0.2752334773540497,0.014878989197313786,0.016668153926730156,0.922167956829071,0.4332214295864105,0.0004934511661892079,0.0011780513622299752,0.008377849105375375,0.05950949178368264
191,0.014376245439052582,0.01466535683721304,0.9083398699760437,0.36060487031936644,0.013865490444004536,0.014369579963386059,0.8905273675918579,0.313558965921402,0.014912188984453678,0.015193562023341656,0.9188476800918579,0.4660400450229645,0.0004053662982744851,0.000390785710440912,0.01106850812923056,0.061695236745405335
192,0.014582694880664349,0.014078567177057267,0.906152355670929,0.34754395484924316,0.012995065189898014,0.01233640220016241,0.8759765625,0.23992919921875,0.01593038998544216,0.01516240369528532,0.937304675579071,0.44984132051467896,0.0010454339053264658,0.0010480085730014922,0.02368722171498361,0.07462555777777306
193,0.014008416980504989,0.014623196423053741,0.9103515863418579,0.3413195848464966,0.012589613907039165,0.014079242944717407,0.8705078363418579,0.25930482149124146,0.014718365855515003,0.015309972688555717,0.9306640625,0.47314453125,0.0008541052796461897,0.0005225081553272798,0.0235791794426515,0.07907065007490058
194,0.01366391833871603,0.013720661588013171,0.9140625,0.3567968845367432,0.013308588415384293,0.013098984956741333,0.87939453125,0.25636598467826843,0.014231332577764988,0.01428410317748785,0.936816394329071,0.5211731195449829,0.000345672566693723,0.000472541927211911,0.021754230742399065,0.10009144224915126
195,0.01379307098686695,0.01608122866600752,0.9122851610183715,0.3426269590854645,0.012842652387917042,0.01492601353675127,0.8617187738418579,0.261788934469223,0.015111615881323814,0.01736350543797016,0.9296875,0.518402099609375,0.0009076714656997054,0.0009172606716288059,0.028611886621933896,0.10087954255052164
196,0.013571413606405259,0.01450908575206995,0.90400390625,0.36804504990577697,0.012336342595517635,0.013327722437679768,0.880566418170929,0.31716614961624146,0.014326196163892746,0.015387778170406818,0.924609363079071,0.4554382264614105,0.0007851907942685294,0.0009096167691378167,0.017963295087865438,0.05584709087359061
197,0.013758757151663303,0.01440039910376072,0.9102734446525573,0.3533129870891571,0.013006018474698067,0.012685664929449558,0.875683605670929,0.2582031190395355,0.014437098987400532,0.017030654475092888,0.92822265625,0.506072998046875,0.0006725745359129102,0.0016257644566707308,0.021477313536595752,0.09289474554413346
198,0.013793889246881009,0.014323577843606472,0.9137109398841858,0.34194000363349913,0.013056062161922455,0.013939963653683662,0.8838867545127869,0.2566818296909332,0.014576828107237816,0.015076360665261745,0.933886706829071,0.4790283143520355,0.0005427856797273829,0.00045898286011290557,0.01942640716813889,0.08218806649244643
199,0.013928905874490739,0.014555945619940757,0.9103710889816284,0.35431153774261476,0.012969782575964928,0.013132457621395588,0.855761706829071,0.27656862139701843,0.015210065059363842,0.016473114490509033,0.9296875,0.566204845905304,0.0008461713864004925,0.0014324489703467715,0.030881961084254762,0.11941046035626994
200,0.013195563107728958,0.013299650512635708,0.9086718797683716,0.3535253942012787,0.0125594362616539,0.012903772294521332,0.863574206829071,0.2565368711948395,0.013685069046914577,0.014058135449886322,0.935546875,0.506152331829071,0.0004928650910775006,0.0004657311617936246,0.028460091362205234,0.09512469137376564
201,0.013824363611638546,0.013802847638726235,0.909960949420929,0.3594213902950287,0.012891852296888828,0.012848877348005772,0.882519543170929,0.28465577960014343,0.014617254957556725,0.014821860939264297,0.92333984375,0.4995971620082855,0.0006899295280851856,0.0007745997410481513,0.016813050652072427,0.08285137954632193
202,0.013787741586565972,0.013836669363081455,0.9045312762260437,0.37777466177940366,0.012860395014286041,0.012290128506720066,0.864453136920929,0.2958618104457855,0.014576517045497894,0.015537467785179615,0.9185547232627869,0.49873048067092896,0.0006289361369649305,0.0011514392857939156,0.0226878702523333,0.08036474462972719
203,0.013817185536026955,0.014255199395120145,0.9161718845367431,0.35640198588371275,0.013479923829436302,0.012506993487477303,0.891308605670929,0.30672913789749146,0.014234509319067001,0.015982484444975853,0.9271484613418579,0.4943908751010895,0.0003152220543021692,0.0013079316929727653,0.014607787967228707,0.07770857948307612
204,0.01339533980935812,0.01362566016614437,0.9194922089576721,0.3333844006061554,0.012988453730940819,0.01307625975459814,0.8980469107627869,0.266091912984848,0.01362643763422966,0.014293578453361988,0.930859386920929,0.4495849609375,0.0002467938033729841,0.0004480871275935411,0.012519354774377892,0.0689664807930505
205,0.013230472430586815,0.013196525163948536,0.9137304782867431,0.34006165266036986,0.012231176719069481,0.011981859803199768,0.8768554925918579,0.28316041827201843,0.013655081391334534,0.01388940867036581,0.9261718988418579,0.4571777284145355,0.0005899231672299547,0.0007421371499234219,0.02072942778797554,0.06832784135557167
206,0.013697104342281819,0.013819982670247555,0.9062109589576721,0.3648706078529358,0.013187647797167301,0.013231194578111172,0.8407226800918579,0.274810791015625,0.014794813469052315,0.014579417183995247,0.92919921875,0.59033203125,0.000671361129511801,0.0006178150514794606,0.0371829029505621,0.12880876184878576
207,0.012765684723854065,0.01381045375019312,0.8994726657867431,0.373941034078598,0.012325063347816467,0.013262522406876087,0.8265625238418579,0.263162225484848,0.013700230978429317,0.01529544498771429,0.936718761920929,0.558215320110321,0.0005646011807969534,0.000840141322933619,0.04294940722278291,0.1113006262880384
208,0.013637365587055684,0.013128380849957466,0.904101574420929,0.3674301207065582,0.013347107917070389,0.011731878854334354,0.8453125357627869,0.2683731019496918,0.014220502227544785,0.014305937103927135,0.930957019329071,0.5413757562637329,0.00033961634851958493,0.000947106231321831,0.03375198307037419,0.10319232454454663
209,0.013080509565770625,0.01427169907838106,0.9053320407867431,0.3693121373653412,0.012332613579928875,0.01321315485984087,0.856249988079071,0.28064271807670593,0.013830909505486488,0.015723245218396187,0.9322265982627869,0.551989734172821,0.0006115668812399045,0.0010499464456924334,0.030342647621449306,0.10731375518567163
210,0.013292382843792439,0.01346721276640892,0.9149218916893005,0.33854554295539857,0.01250388566404581,0.012736916542053223,0.8946289420127869,0.27118226885795593,0.014502151869237423,0.014676948077976704,0.9327148795127869,0.4320129454135895,0.0007484537589124641,0.0007968063017044302,0.01434821816700983,0.06012731540177744
211,0.013268099911510945,0.012955952621996402,0.9120312571525574,0.35056397318840027,0.012257690541446209,0.012242455966770649,0.889453113079071,0.284475713968277,0.014307040721178055,0.013940069824457169,0.9251953363418579,0.4664672911167145,0.000733920067097585,0.0007666402198994414,0.01719741405313894,0.07171588988468539
212,0.013066731207072736,0.013453139737248421,0.9093554854393006,0.36442566514015196,0.012397777289152145,0.012419277802109718,0.87841796875,0.275430291891098,0.014118054881691933,0.01473021600395441,0.9251953363418579,0.5178284049034119,0.0008629823626267165,0.0009228546379019592,0.01829139343817358,0.09131953574706493
213,0.012953672558069229,0.012593297474086284,0.9102148532867431,0.3631787210702896,0.012558338232338428,0.01192463655024767,0.8824219107627869,0.23693238198757172,0.013527116738259792,0.013618377037346363,0.94287109375,0.47923585772514343,0.0003671028639941972,0.0006365629066811403,0.024437445276785014,0.09472230441840737
214,0.013120988756418228,0.013325127586722375,0.9096679806709289,0.3620794713497162,0.012202895246446133,0.012156602926552296,0.89208984375,0.267446905374527,0.014354472048580647,0.014352630823850632,0.9326171875,0.4779296815395355,0.0009033135988819876,0.0008419076293021874,0.01732771923115382,0.07658831206409648
215,0.013115208782255649,0.013457288406789303,0.9154687523841858,0.34395204186439515,0.01229487918317318,0.011716432869434357,0.8924804925918579,0.26893311738967896,0.013810701668262482,0.01512182131409645,0.92822265625,0.47572633624076843,0.0006864347474204431,0.0013196330954515605,0.014033568895320368,0.07853406321228164
216,0.013028934225440025,0.013586730696260929,0.9151172041893005,0.34788941144943236,0.012527250684797764,0.012536481954157352,0.887011706829071,0.27243348956108093,0.013615691103041172,0.015740366652607918,0.9268555045127869,0.46234130859375,0.0004102402910673784,0.0013005161677832606,0.01602656415354989,0.07194097583258284
217,0.012950140424072743,0.013023420609533787,0.9117578148841858,0.35388550758361814,0.012259368784725666,0.012451636604964733,0.879101574420929,0.24362793564796448,0.013428048230707645,0.014312312938272953,0.94091796875,0.5073791742324829,0.0004307364293874732,0.0007384744799744298,0.026111275266680917,0.09919721238246733
218,0.012926094047725201,0.013313712924718857,0.9164453148841858,0.34657348692417145,0.012753346934914589,0.01202676072716713,0.8866211175918579,0.24250487983226776,0.013219630345702171,0.014290524646639824,0.9388672113418579,0.475677490234375,0.00022412180405811239,0.001027494243112277,0.01942212830177064,0.08569251143520268
219,0.013185178861021996,0.01292924527078867,0.9043554782867431,0.3681787192821503,0.012266170233488083,0.01201268658041954,0.849414050579071,0.25861817598342896,0.014269493520259857,0.013901966623961926,0.941601574420929,0.5315185785293579,0.0007974086734483338,0.0008526875152779609,0.03582624842799394,0.10247784636518069
220,0.01283443085849285,0.013606489263474941,0.9150195598602295,0.36421906352043154,0.012380549684166908,0.012858876958489418,0.8714843988418579,0.2514602839946747,0.013280506245791912,0.014582411386072636,0.9405273795127869,0.553051769733429,0.0003248141535201613,0.0006825636219177481,0.026360533128475704,0.11240064452614032
221,0.012683732248842717,0.012709534727036953,0.9032617330551147,0.36764161586761473,0.012424874119460583,0.011735695414245129,0.83544921875,0.27586671710014343,0.013463425450026989,0.013622273690998554,0.9271484613418579,0.5798096060752869,0.0004459242040316773,0.0006774457319235563,0.038274816748276035,0.12075657203115239
222,0.012833010405302048,0.012255622260272502,0.9083398580551147,0.35869141221046447,0.012092904187738895,0.011696294881403446,0.8641601800918579,0.26568603515625,0.013896837830543518,0.013550651259720325,0.9315429925918579,0.537487804889679,0.0007511233180604924,0.0007596706198038744,0.02742355467282867,0.10464303897036942
223,0.012534059956669808,0.012867593765258789,0.9172656416893006,0.35257263779640197,0.012168324552476406,0.012270822189748287,0.9013671875,0.27682191133499146,0.012895996682345867,0.014050655998289585,0.9287109375,0.46601563692092896,0.00030707747366170437,0.0007679656207266266,0.010156815517722687,0.06912673666045681
224,0.013023550808429717,0.012664684280753135,0.923632824420929,0.32912994623184205,0.01197307463735342,0.011673584580421448,0.8988281488418579,0.2653030455112457,0.01368005946278572,0.01329363975673914,0.937792956829071,0.4462219178676605,0.0006494518326971385,0.0007487047064281992,0.01501493734765269,0.06961162886950788
225,0.012967326119542122,0.013545439764857291,0.9191210985183715,0.34024963676929476,0.012324773706495762,0.012783173471689224,0.878710925579071,0.24066467583179474,0.013306539505720139,0.014288834296166897,0.9442383050918579,0.48590087890625,0.0003904237259540793,0.0005608978706127859,0.024536366238603904,0.0896035727353481
226,0.012529312819242477,0.01336498260498047,0.9172461032867432,0.3507489085197449,0.011872552335262299,0.012493814341723919,0.9052734375,0.2701171934604645,0.013191325590014458,0.014297770336270332,0.929492175579071,0.45075684785842896,0.0006282508794626257,0.0006790994404612216,0.009887802712147405,0.070728783062799
227,0.012684888020157815,0.013550513796508313,0.9116015791893005,0.3723352015018463,0.011968717910349369,0.012906658463180065,0.887011706829071,0.2657714784145355,0.013226696290075779,0.01475314050912857,0.9330078363418579,0.500213623046875,0.00047628901410112025,0.0007475862862152254,0.017028834831750914,0.08486960862627281
228,0.012682317569851876,0.012780454382300377,0.9162304759025574,0.35301544368267057,0.012183484621345997,0.011469745077192783,0.878710925579071,0.249034121632576,0.01341425720602274,0.01453417632728815,0.9422851800918579,0.520233154296875,0.00047744564570520757,0.001216245439317662,0.023731725126247293,0.1005977886050028
229,0.01278679072856903,0.012879505939781665,0.9020312786102295,0.36933777332305906,0.012171226553618908,0.01131072174757719,0.8753906488418579,0.27129822969436646,0.013354611583054066,0.01458516251295805,0.9256836175918579,0.499267578125,0.0004365280086320532,0.0012384762915697673,0.02461241585766235,0.08623234713739415
230,0.013141986541450023,0.012003057822585105,0.9058203339576721,0.3616699278354645,0.012676370330154896,0.011248499155044556,0.8775390982627869,0.275961309671402,0.013508359901607037,0.013140535913407803,0.925976574420929,0.486328125,0.00033004250729665505,0.000799909600004004,0.019659319101325515,0.07667123312553553
231,0.012932185642421245,0.01311262808740139,0.8952929735183716,0.3964147984981537,0.012110522016882896,0.011521442793309689,0.810546875,0.26445314288139343,0.014061852358281612,0.015912076458334923,0.934277355670929,0.662097156047821,0.0007384179571047542,0.001650599225682857,0.05026345041922918,0.1569442962358626
232,0.012477558851242066,0.012953564152121544,0.9170507907867431,0.34780304729938505,0.012129422277212143,0.012164085172116756,0.8817383050918579,0.24447785317897797,0.013034477829933167,0.013741496950387955,0.9388672113418579,0.507739245891571,0.0004058773904874766,0.0006625336696576977,0.021179991547888057,0.09722306557729428
233,0.012787901051342487,0.013110198825597764,0.9094140768051148,0.3579803466796875,0.012092327699065208,0.012439349666237831,0.8817383050918579,0.28953248262405396,0.013291198760271072,0.01377432607114315,0.92626953125,0.4877868592739105,0.0005057789521839597,0.0005653848326787954,0.01987293770887256,0.07865624472270724
234,0.012620915658771992,0.013611415773630143,0.9104687571525574,0.3655535876750946,0.011402519419789314,0.01196624431759119,0.845996081829071,0.2611846923828125,0.013448831625282764,0.014984597451984882,0.936328113079071,0.549151599407196,0.0007551654478867522,0.0011446737053266002,0.03690098372189613,0.10851483345633342
235,0.012766064144670963,0.01307985931634903,0.9103906393051148,0.3590783715248108,0.01216930989176035,0.012489431537687778,0.88134765625,0.2816619873046875,0.013964653015136719,0.013521541841328144,0.930371105670929,0.506805419921875,0.0007102820064329965,0.00041530022114794844,0.02029390087926804,0.08862920470258577
236,0.012491383403539658,0.013054292090237141,0.9086523652076721,0.36818299293518064,0.012230918742716312,0.012329839169979095,0.8726562857627869,0.271585077047348,0.012911065481603146,0.013561170548200607,0.93212890625,0.5353332757949829,0.00030570045057046137,0.00048007868623652815,0.022661775778889184,0.09975124190219752
237,0.012888811156153679,0.012679370865225793,0.9158984541893005,0.3567028820514679,0.012589564546942711,0.011760464869439602,0.9007812738418579,0.3133606016635895,0.013349923305213451,0.013663162477314472,0.92724609375,0.464996337890625,0.0002906726313340587,0.0007368923049892975,0.011498454615425051,0.06242923257073489
238,0.012539348937571049,0.012981972098350525,0.9134961128234863,0.3617712497711182,0.011984246782958508,0.012262977659702301,0.863085925579071,0.26929932832717896,0.01334542129188776,0.014186082407832146,0.9332031607627869,0.5150696039199829,0.0005412145062563713,0.0007738817373192931,0.028658957001381657,0.09392483818360017
239,0.013201653771102429,0.013483909890055656,0.8998437523841858,0.375616455078125,0.012741951271891594,0.012305520474910736,0.852343738079071,0.28709107637405396,0.013541262596845627,0.014334093779325485,0.9214844107627869,0.547943115234375,0.0003269287300012659,0.0009737529066271676,0.02833316744303085,0.10054632946962136
240,0.012495633587241173,0.012161157093942165,0.9133203268051148,0.3589929223060608,0.010955944657325745,0.011120082810521126,0.876171886920929,0.27487489581108093,0.012942290864884853,0.013570803217589855,0.9300781488418579,0.544604480266571,0.0008621801122162599,0.0009554135939898543,0.021589944012485266,0.10708445015217509
241,0.012479965202510357,0.012743444554507733,0.9044726610183715,0.36795288920402525,0.011963330209255219,0.011949372477829456,0.8822265863418579,0.25126954913139343,0.013147635385394096,0.013419011607766151,0.931835949420929,0.4746765196323395,0.0004990395744583325,0.0006446721301730385,0.021284283861238214,0.08345849521669357
242,0.01279239021241665,0.012415157444775105,0.9102539181709289,0.36486817002296446,0.012483693659305573,0.012100686319172382,0.8760742545127869,0.26375123858451843,0.012900440022349358,0.013090074993669987,0.933398425579071,0.547454833984375,0.00017576622087376483,0.0003924640209054954,0.02642787737104309,0.1103317452954729
243,0.012389854714274406,0.012860002741217614,0.9190820455551147,0.3420098960399628,0.011392146348953247,0.011723148636519909,0.8973633050918579,0.2687530517578125,0.013386071659624577,0.013749237172305584,0.932421863079071,0.4580078125,0.000833372578148422,0.0007730475736339814,0.014365852194863566,0.07033667058301452
244,0.01251962073147297,0.013084089197218419,0.9124414205551148,0.3625170886516571,0.012104449793696404,0.011728884652256966,0.88232421875,0.28205567598342896,0.013520235195755959,0.014382857829332352,0.928027331829071,0.501953125,0.0005698170840588414,0.0011143445987781978,0.019002189190505493,0.085177944867931
245,0.012516540102660656,0.013028430566191674,0.9167578339576721,0.35597565174102785,0.01192875299602747,0.012579197995364666,0.862500011920929,0.24806976318359375,0.013512286357581615,0.013719324953854084,0.9404296875,0.551708996295929,0.0006569383253969369,0.00047003572232208105,0.030941519192073923,0.1146858081909155
246,0.012263471074402333,0.01271659079939127,0.9110156178474427,0.35697388648986816,0.011341145262122154,0.011984163895249367,0.885058581829071,0.26347658038139343,0.013472107239067554,0.013359811156988144,0.933398425579071,0.47713014483451843,0.0008078372202951277,0.0005135663982147638,0.01746141766815064,0.0766004499355548
247,0.01260259598493576,0.012654246017336845,0.9108007788658142,0.3633703708648682,0.011826165951788425,0.012243998236954212,0.881640613079071,0.2950500547885895,0.013560594990849495,0.013180440291762352,0.929492175579071,0.49913331866264343,0.0006554058075357906,0.000402682281854422,0.017841667395761856,0.07937962936120382
248,0.012369805574417114,0.012426707707345486,0.9012890815734863,0.38408936858177184,0.01211451180279255,0.011580243706703186,0.803515613079071,0.29401856660842896,0.012797027826309204,0.013803605921566486,0.9315429925918579,0.6292480826377869,0.00025518885522452173,0.0008814459224885181,0.0549632857523197,0.13883860277352572
249,0.012639132142066956,0.0130186777561903,0.9116601824760437,0.37967591285705565,0.012368986383080482,0.012325066141784191,0.8956055045127869,0.269033819437027,0.012992474250495434,0.013847756199538708,0.9266601800918579,0.45326539874076843,0.0002517428696043656,0.0006073534248339806,0.01417775373599529,0.07001656464329313
